titulo,direccion,barrio,ciudad,moneda,precio,expensas,m2_cubiertos,dormitorios,banos,ambientes,antiguedad,link,pagina
"Exelente 4 amb. con Dep.y cochera fija,  piso 6, contra frente,  sol del este","San José De Calasanz 500, Piso 6",Caballito,CABA,ARS,1200000,470000,88.0,3,,,50 años,,1
3 ambientes al frente con cochera,"Rio De Janeiro 800, Piso 6°",Caballito,CABA,ARS,1300000,410000,56.0,2,,,15 años,,1
Monoambiente con balcón en Caballito- Amenities y seguridad,Avenida Doctor Honorio Pueyrredón 400,Caballito,CABA,ARS,650000,205000,33.0,,1,,10 años,,1
NICOLAS REPETTO Y AV. GAONA - IMPECABLE FRENTE BALCON TODO SOL APTO PROFESIONAL FULL AMENITIES,Doctor Nicolás Repetto,Caballito,CABA,ARS,550000,207800,33.0,,1,,20 años,,1
"DOS AMBIENTES,  baño en suite y toilette, amenities","Avenida Córdoba 5100, Piso 3",Palermo,CABA,ARS,930000,270000,42.0,1,,,9 años,,1
Al fte vivienda /apto profesional/ comercial /MALL los arcos,"Fray Justo Santa María De Oro 2200, Piso 1°",Palermo Soho,Palermo,ARS,550000,50000,18.0,,1,1,,,1
Maravilloso Dos Ambientes con Balcón Aterrazado en Palermo,"Fitz Roy 1400, Piso 7",Palermo Hollywood,Palermo,ARS,1700000,298000,65.0,1,,,14 años,,1
Luminoso Departamento Dos Ambientes en Alquiler,Avenida Raúl Scalabrini Ortiz 3100,Botánico,Palermo,USD,900,300000,45.0,1,,,10 años,,1
"Alquiler 2 amb en Palermo, excelente ubicacion,","Humboldt 2400, Piso 4",Palermo,CABA,ARS,600000,175000,30.0,1,1,,,,1
2 AMBIENTES C/ DEPENDENCIA EN EXCELENTE ZONA C/ Balcón  y cochera expensas incluyen Aysa,"John F Kennedy ( Ex Darregueyra) 2900, Piso 4",Palermo,CABA,USD,1200,440000,70.0,1,,,65 años,,1
"Luminoso monoambiente con balcón en alquiler a pasos de Av. Libertador, Las Cañitas.",Jose Ortega Y Gasset 1700,Las Cañitas,Palermo,ARS,900000,230000,33.0,,1,,25 años,,1
Departamento de 2 ambientes en alquiler – Refaccionado a nuevo,"Charcas 3300, Piso 8",Palermo,CABA,ARS,900000,150000,39.99,1,,,45 años,,1
EXCELENTE AMBIENTE MUY LUMINOSO APTO PROFESIONAL DUEÑO ALQUILA,"Antezana 200, Piso 6",Parque Centenario,CABA,ARS,650000,45000,32.0,,1,,32 años,,1
Departamento en alquiler en Caballito Sur,"Avenida Directorio 1500, Piso 5",Caballito Sur,Caballito,ARS,730000,210000,,1,1,,12 años,,1
3 AMBIENTES REFACCIONADO TOTALMENTE A NUEVO BAJAS EXPENSAS,Honduras 5000,Palermo Soho,Palermo,ARS,1350000,120000,65.0,2,,,50 años,,1
ALQUILER DEPARTAMENTO DE CATEGORIA A ESTRENAR EN CABALLITO,"Avenida Directorio 700, Piso 3",Caballito Sur,Caballito,ARS,1200000,,41.92,1,,,,,1
Departamento en alquiler en Palermo Hollywood,"Arévalo 2200, Piso 5",Palermo Hollywood,Palermo,ARS,1300000,370000,48.0,1,,,15 años,,1
DEPARTAMENTO EN ALQUILER - 2 AMBIENTES - CABALLITO en excelente estado con Cochera optativa,"Rojas 1000, Piso 5",Caballito,CABA,ARS,750000,213800,41.0,1,,,,,1
"Departamento en alquiler en Palermo, CABA",Jerónimo Salguero 2700,Palermo,CABA,USD,3500,,122.0,3,,,22 años,,1
IMPECABLE SEMIPISO! Espectacular patio c/parrilla! Todo luz y sol! Amoblado y Equipado! Cochera fija! ÚNICO! OPORT,Doctor Tomás Manuel De Anchorena 1700,Recoleta,CABA,USD,1500,520000,100.0,3,,,30 años,,1
Quintana al 300 | Recoleta | Dto. 5 amb. amob. y equip. c/ dep. serv. | Alquiler c/exp. y serv. inc.,Quintana 300,Recoleta,CABA,USD,2800,,140.0,3,,,80 años,,2
HERMOSO  2 AMB CON BALCÓN PROXIMO AL SHOPPING ALTO PALERMO- BAJAS EXPENSAS,Billinghurst 1400,Recoleta,CABA,ARS,820000,125000,40.0,1,,,35 años,,2
AMOBLADO. ALQUILER: $ 680.000 ó U$S 480. Expensas: $ 130.000.,"Charcas 4000, Piso 3",Recoleta,CABA,ARS,680000,130000,38.0,1,,,35 años,,2
"2 amb c/patio en PB a la calle VALOR PAQUETE (incluye: Alquiler, expensas, Aysa y ABL)",Echeverria 1900,Belgrano,CABA,ARS,850000,,40.0,1,,,A Estrenar,,2
"Balcón, Vigilancia, Lavadero. Aire Acondicionado, Pileta, Gym","Congreso 2300, Piso 2",Belgrano,CABA,ARS,830000,317000,45.0,1,,,25 años,,2
3 amb fte. bcon,"Moldes 1300, Piso 11",Belgrano,CABA,ARS,950000,220000,,2,1,3,,,2
"5 AMBIENTES, TERRAZA, COCHERA CAMIONETA 4 X 4, todo al frente, Subte D, baulera, parrilla, apto mascotas","Amenábar 1600, Piso 1",Belgrano C,Belgrano,ARS,3500000,600000,140.0,3,,,50 años,,2
"5 AMBIENTES, TERRAZA, COCHERA CAMIONETA 4 X 4, todo al frente, Subte D, baulera, parrilla, apto mascotas","Amenábar 1600, Piso 1",Belgrano C,Belgrano,USD,2300,600000,140.0,3,,,50 años,,2
Alquiler de deprtamento de 2 ambientes con balcón,"Doctor Pedro Ignacio Rivera 4800, Piso 6°",Villa Urquiza,CABA,ARS,700000,270000,40.0,1,,,15 años,,2
Excelente Departamento de 2 Ambientes en Alquiler – Villa Urquiza | Muy Luminoso | Piscina y Gym,Pacheco 2900,Villa Urquiza,CABA,ARS,1000000,215000,40.0,1,,,3 años,,2
46m2 - 2 Ambientes a Estrenar al Frente con Balcón y Vista Abierta en Villa Urquiza,Avenida Congreso 4800,Villa Urquiza,CABA,ARS,1100000,85000,42.0,1,,,A Estrenar,,2
3 AMBIENTES en lo mejor de CABALLITO - LUZ y SILENCIO,"Avenida Rivadavia 4600, Piso 11",Caballito,CABA,ARS,1130000,228000,,2,1,,60 años,,2
Departamento - Palermo Hollywood,Nicaragua 5600,Palermo Hollywood,Palermo,ARS,1100000,321165,44.0,1,,,9 años,,2
Departamento Amueblado en alquiler en Las Cañitas,"Santos Dumont 2400, Piso 10",Las Cañitas,Palermo,ARS,850000,,34.0,1,1,,,,2
Pumacahua 300 Departamento Monoambiente ALQUILER con Balcón y amenities,Pumacahua 300 Departamento Monoambiente en ALQUILER,Caballito,CABA,ARS,600000,160000,41.0,,1,,10 años,,2
Departamento en Caballito,Batalla Del Pari 1100,Caballito,CABA,ARS,650000,260000,41.0,1,,,16 años,,2
Tres ambientes con dependencia de 120 metros. Cochera fija,Agüero 2000,Recoleta,CABA,ARS,1900000,600000,,2,2,,24 años,,2
Lindo departamento de un ambiente y medio dividido en planta baja / Espacio cómodo y excelente ubicación,"Charcas 5200, Piso PB",Palermo Hollywood,Palermo,ARS,630000,111000,35.0,1,,,40 años,,2
DUEÑO DIRECTO - Departamento en alquiler en Palermo,"Billinghurst 1600, Piso 6",Palermo,CABA,ARS,1500000,406000,100.0,3,1,,,,2
"Departamento en alquiler en Caballito, Av. Rivadavia 5600 Primera Junta","General Martín De Gainza 100, Piso 7",Caballito,CABA,ARS,550000,125000,35.0,1,,,40 años,,2
"Departamento en alquiler en Caballito, Av. Rivadavia 5600 Primera Junta","General Martín De Gainza 100, Piso 7",Caballito,CABA,ARS,550000,125000,35.0,1,,,40 años,,3
DUEÑO ALQUILA LUMINOSO DEPARTAMENTO 2 AMBIENTES CABALLITO,"Avenida Manuel Ricardo Trelles 1100, Piso 6",Caballito Norte,Caballito,ARS,620000,139000,,1,1,,40 años,,3
Se Alquila 1 Amb de 35 m² - Dueño Directo,"Av Cordoba 3900, Piso 11",Palermo,CABA,ARS,650000,120000,35.0,1,,,17 años,,3
MONOAMBIENTE CON BALCÓN Y AMENITIES EN PALERMO NUEVO,Avenida Raúl Scalabrini Ortiz 3000,Palermo Chico,Palermo,ARS,690900,249000,30.0,1,,,,,3
Departamento en alquiler en Palermo Soho,"Gurruchaga 2200, Piso 18",Palermo Soho,Palermo,USD,1500,350000,65.0,2,,,20 años,,3
Maravilloso Dos Ambientes con Balcón Aterrazado en Palermo,"Fitz Roy 1400, Piso 7",Palermo Hollywood,Palermo,USD,1100,298000,65.0,1,,,14 años,,3
ALQUILER 3 AMBIENTES PALERMO,Uriarte 2100,Palermo,CABA,ARS,1400000,181000,60.0,2,,,30 años,,3
Av Santa Fe 3800 - Departamento de 2 ambientes en Palermo,Avenida Santa Fe 3800,Palermo Soho,Palermo,ARS,650000,115000,38.0,1,,,56 años,,3
Hermoso semipiso de 4 ambientes con 2 baños en Palermo -A pasos de La Rural y el Rosedal - Excelente zona - Listo para habitar,Fray Justo Santa María De Oro 2700,Palermo,CABA,ARS,1550000,450000,80.0,3,1,,,,3
Departamento 4 ambientes con cochera fija - Super Luminoso,"General Lucio Norberto Mansilla 3700, Piso 3",Palermo Soho,Palermo,ARS,1300000,380000,85.0,3,,,35 años,,3
Departamento - Las Cañitas,Arce 500,Las Cañitas,Palermo,ARS,590000,125000,29.0,,1,,9 años,,3
SAN BENITO DE PALERMO AL 1600 - COCHERA IMPECABLE BALCON V/ABIERTA TODO SOL AMENITIES,San Benito De Palermo 1600,Las Cañitas,Palermo,ARS,1000000,307571,33.0,1,,,23 años,,3
DUEÑO DIRECTO 3 AMBIENTES PISO ALTO SEMIPISO OPCIONAL COCHERA,Gualeguaychú 900,Floresta,CABA,ARS,1200000,200000,,2,1,,10 años,,3
IDEAL DIPLOMATICOS O EJECUTIVO EXTRANJERO,3 De Febrero 1900,Belgrano,CABA,USD,2500,1100000,178.0,3,3,,,,3
Ideal Diplomatico o Ejecutivo Extranjero,CUBA Y MCAL SUCRE,Belgrano,CABA,USD,2500,,,2,2,3,,,3
3 amb en Palermo,"Charcas 3300, Piso 1",Palermo,CABA,ARS,950000,230000,45.0,2,1,,,,3
Departamento en alquiler en Recoleta. Av. Córdoba y Junin. Al frente. Super Luminoso  Apto profesional,"Avenida Córdoba 2000, Piso 7",Recoleta,CABA,ARS,700000,250000,47.0,1,,,,,3
"2 ambientes con sol pleno, balcón y amenities","Mexico 800, Piso 3",San Telmo,CABA,ARS,950000,180000,50.0,1,,,7 años,,3
Departamento en alquiler en Belgrano R,Capitán General Ramón Freire 2400,Belgrano R,Belgrano,ARS,1000000,450000,55.0,1,,,,,3
Departamento en alquiler en Primera Junta,"Avenida Juan Bautista Alberdi 2300, Piso 6",Caballito,CABA,ARS,700000,280000,42.0,1,,,10 años,,3
Departamento en alquiler en Primera Junta,"Avenida Juan Bautista Alberdi 2300, Piso 6",Caballito,CABA,ARS,700000,280000,42.0,1,,,10 años,,4
"Amplio departamento en alquiler totalmente amueblado con gran terraza propia y cochera, Palermo.",Concepción Arenal 3600,Palermo Hollywood,Palermo,USD,3500,170000,120.0,2,,,20 años,,4
"Palermo 2 hermosos ambientes. Todo Frente, Living a balcón corrido. Lavadero externo.Cocina amplia c/muebles bajo y sobre mesada. AA frio calor. Dos deptos por piso. A 1 cuadra Uni. Palermo.Baño Compto. BAJAS EXPENSAS. Dormitorio c/piso flotante.","Bulnes 1300, Piso 3",Palermo Viejo,Palermo,ARS,850000,138000,40.0,1,,,25 años,,4
Yerbal 0  Departamento de 3 ambientes con dependencia y balcón  Caballito,"Yerbal 0, piso 7",Caballito,CABA,ARS,1270000,190000,66.0,2,,,49 años,,4
Muñiz al 300 - Departamento 2 ambientes con balcón y cochera fija cubierta,"Muñiz 379, piso  12° al frente",Caballito,CABA,ARS,950000,305000,43.0,1,,,30 años,,4
Av. La Plata 200 - Monoambiente con cocina independiente y baño completo - Caballito,Avenida La Plata 200,Caballito Sur,Caballito,ARS,650000,99000,30.0,,1,,40 años,,4
Av. La Plata al 200 - Departamento de 2 ambientes en alquiler,Avenida La Plata 200,Caballito Sur,Caballito,ARS,600000,124000,35.0,1,,,50 años,,4
Semipiso Exclusivo Recoleta Vista al Río,"Riobamba 1200, Piso 15",Recoleta,CABA,USD,6500,1200000,,4,3,5,,,4
2 ambientes grandes al frente con balcon,"Parral 200, Piso 1",Caballito,CABA,ARS,650000,215000,45.0,1,1,,,,4
ALQUILER DEPARTAMENTO 4 AMBIENTES CON DEPENDENCIA COCHERA BAULERA MUY LUMINOSO,Zapiola 2600,Belgrano,CABA,ARS,1500000,420000,98.0,3,,,42 años,,4
ALQUILER Excelente monoambiente en Palermo,Beruti 4400,Palermo,CABA,ARS,650000,173000,32.0,1,,,5 años,,4
Dueño  alquila en Recoleta,"Avenida Presidente Manuel Quintana 500, Piso 15",Recoleta,CABA,ARS,1600000,,100.0,2,,,50 años,,4
MONOAMBIENTE C/BALCÓN EN BELGRANO,Doctor Rómulo Naón 2300,Belgrano R,Belgrano,ARS,650000,,27.0,,1,,10 años,,4
DEPTO 2 AMBIENTES CON COCHERA - BELGRANO,Avenida Olazábal 2700,Belgrano,CABA,ARS,890000,,46.0,1,,,45 años,,4
MONOAMBIENTE con GYM y PILETA – BELGRANO,Avenida Olazábal 2600,Belgrano,CABA,ARS,700000,190000,30.0,,1,,A Estrenar,,4
ALQUILER 2 AMBIENTES A ESTRENAR CON COCHERA- BELGRANO,Crámer 2300,Belgrano,CABA,USD,1100,,40.0,1,,,A Estrenar,,4
3 ambientes con cochera,La Pampa 1200,Belgrano,CABA,USD,1400,,75.0,2,,,22 años,,4
Colpayo 40 - Departamento de dos ambientes con balcón en dormitorio - Caballito,Colpayo 100,Caballito,CABA,ARS,650000,140000,36.0,1,,,35 años,,4
ORTEGA Y GASSET AL 1600 - 33 M2 IMPECABLE,Jose Ortega Y Gasset 1600,Las Cañitas,Palermo,ARS,600000,177000,33.0,1,,,40 años,,4
Departamento en alquiler en Las Cañitas super luminoso,"Jorge Newbery 1700, Piso 3",Las Cañitas,Palermo,ARS,1300000,260000,,1,1,,30 años,,4
Alquilo Dto. 1 ambiente a nuevo,"M Ugarte 1500, Piso 4",Belgrano,CABA,ARS,580000,80000,25.0,,1,,30 años,,5
BENJAMIN MATIENZO AL 1600 - CONTRAFRENTE 32 M2 IMPECABLE BALCON TODO SOL APTO PROFESIONAL,Teniente Benjamín Matienzo 1600,Las Cañitas,Palermo,ARS,600000,210000,32.0,,1,,40 años,,5
Charcas al 2600 | Barrio Norte | Departamento de 2 ambientes | Alquiler,Charcas 2600,Barrio Norte,CABA,ARS,680000,161378,31.0,1,,,56 años,,5
"Monoambiente a estrenar balcón. Barrio Norte, Amenities Seg.",Gallo 1200,Barrio Norte,CABA,ARS,700000,169000,30.0,,1,,A Estrenar,,5
"Hermoso Monoambiente de categoria A ESTRENAR,  Palermo.","Paraguay 4600, Piso 4",Palermo,CABA,ARS,850000,130000,35.0,,,,A Estrenar,,5
AMOBLADO. ALQUILER: $ 680.000 ó U$S 480. Expensas: $ 130.000.,"Charcas 4000, Piso 3",Barrio Norte,CABA,ARS,680000,130000,38.0,1,,,35 años,,5
Alquiler MONOAMBIENTE en nuñez,"Avenida Del Libertador 6800, Piso 3",Núñez,CABA,ARS,650000,200000,35.0,1,,,20 años,,5
"Balcón, Vigilancia, Lavadero. Aire Acondicionado, Pileta, Gym","Congreso 2300, Piso 2",Núñez,CABA,ARS,830000,317000,45.0,1,,,25 años,,5
Departamento en L.De Nuñez,Nunez 2400,Lomas de Núñez,Núñez,USD,2300,590000,87.0,3,,,12 años,,5
FULL AMENITIES - PISO ALTO - TORRE LAS PLAZAS - ALQUILER 3 AMBIENTES PALERMO - COCHERA,Silvio L. Ruggieri 2900,Palermo Chico,Palermo,USD,1800,400000,65.0,2,,,5 años,,5
Piscina - Monoambiente - Alquiler Departamento en Las Cañitas Palermo,Avenida Luis María Campos 300,Las Cañitas,Palermo,ARS,690000,190000,38.0,1,,,5 años,,5
Piso 4 Ambientes con Cochera y Dependencia en Belgrano R,La Pampa 1900,Belgrano R,Belgrano,ARS,2200000,750000,135.0,3,2,,,,5
Departamento 2 ambientes amoblado en alquiler - Palermo,"Fray Justo Santa María De Oro 2800, Piso 7",Palermo,CABA,USD,1100,450000,50.0,1,1,,,,5
Departamento 2 ambientes - Caballito,Avenida Juan Bautista Alberdi 200,Caballito,CABA,ARS,590000,147000,40.0,1,,,40 años,,5
Departamento de tres ambientes en alquiler,"Suipacha 900, Piso 12",Plaza San Martín,Barrio Norte,ARS,880000,280000,,2,1,3,,,5
EXCELENTE¡  3 AMB AL FRENTE  CON COCHERA FIJA CUBIERTA,"Avenida Del Libertador 6700, Piso 5",Núñez,CABA,ARS,1200000,390000,60.0,2,,,40 años,,5
Departamento 3 amb. en alquiler en Belgrano con balcón al frente y cochera,"Vidal 1500, Piso 2",Belgrano,CABA,ARS,1200000,210000,,2,1,,35 años,,5
ALQUILO  DEPARTAMENTO 3 AMB. EXCELENTE UBICACION Y ESTADO. SOY DUEÑA DIRECTA,Laprida 2000,Recoleta,CABA,ARS,890000,120000,50.0,2,,,50 años,,5
"Belgrano 2 Ambientes fte, Balcón, Piscina, Parrilla, Laundry",Blanco Encalada 2700,Belgrano,CABA,ARS,950000,250000,,1,1,2,,,5
COLPAYO AL 600 - IMPECABLE AIRE ACONDICIONADO,Colpayo 600,Caballito,CABA,ARS,550000,87581,28.0,1,,,40 años,,5
GRAN MONOAMBIENTE DIVISIBLE - PUEYRREDON Y CHARCAS,Avenida Pueyrredón 1200,Barrio Norte,CABA,ARS,850000,200000,52.0,1,,,6 años,,6
"Palermo – Dueño Alquila- Excelente 3 ambientes reciclado, balcón, seguridad 24 hs y ubicación privilegiada",Fray Justo Santa María De Oro 2400,Palermo,CABA,ARS,1200000,,60.0,2,,,25 años,,6
"SUM, PARRILLA, PISCINA Y LAUNDRY EN LAS CAÑITAS PALERMO - COCHERA OPCIONAL $200.000",Soldado De La Independencia 1300,Las Cañitas,Palermo,ARS,750000,280000,36.0,1,,,10 años,,6
"¡Oportunidad! Monoambiente  luminoso , con pileta  en Barrancas de Belgrano!","Virrey Loreto 2200, Piso 8",Belgrano Barrancas,Belgrano,ARS,629900,200000,30.0,1,,,,,6
DUEÑO DIRECTO ALQUILA DEPTO 2 AMB BELGRANO C,"Mendoza 2000, Piso 5",Belgrano C,Belgrano,ARS,750000,161000,,1,1,2,,,6
Departamento en alquiler en Recoleta,Jose Leon Pagano 2600,Recoleta,CABA,ARS,800000,170000,,1,1,,40 años,,6
EXCELENTE 3 AMB.CON DEPENDENCIA AL CFTE.,Federico García Lorca 100,Primera Junta,Caballito,ARS,1100000,397276,78.0,2,2,,,,6
Departamento 4 ambientes-San Telmo,"Avenida Belgrano 400, Piso 2º",San Telmo,CABA,ARS,1400000,460000,,3,1,4,,,6
Departamento en alquiler - San Telmo,"Defensa 400, Piso 4º",San Telmo,CABA,ARS,815000,,,1,1,2,,,6
2 Ambientes | Alquiler en Belgrano | Excelente ubicación,Cespedes 2500,Belgrano,CABA,ARS,780000,170000,37.0,1,,,35 años,,6
2 Ambientes Impecable / Las Cañitas / Cerca de Bosques de Palermo,Jose Ortega Y Gasset 1600,Las Cañitas,Palermo,ARS,490000,195000,33.0,1,,,50 años,,6
Flores (Granaderos 57) Departamento monoamb amplio con balcón,"Granaderos 100, Piso 2",Flores,CABA,ARS,690000,140000,,,1,1,10 años,,6
2 amb amoblado 24 meses Belgrano,"Vidal 2200, Piso 7",Belgrano,CABA,ARS,1200000,169700,41.0,1,,,35 años,,6
2 amb luminoso en Recoleta,"Arenales 3000, Piso 8",Recoleta,CABA,ARS,700000,170000,,1,1,2,,,6
Alquiler de departamento 2 ambientes en el barrio de Caballito!,Yerbal 600,Caballito,CABA,ARS,550000,75000,33.0,1,,,50 años,,6
"Palermo 55m, Frente, Edificio con Vigilancia 24 hs y Servicios",General Güemes 4700,Palermo Soho,Palermo,ARS,900000,330000,,,1,1,12 años,,6
MONOAMBIENTE LUMINOSOS CONTRAFRENTE APTO PROFESIONAL,"Lambaré 900, Piso 12",Almagro,CABA,ARS,430000,115000,,,,1,40 años,,6
Caballito 2amb con balcon terraza -  a 1 cuadra de Universidad Maimonides,"Avenida Doctor Honorio Pueyrredón 800, Piso 2",Cid Campeador,Caballito,ARS,880000,220000,44.0,1,,,,,6
Departamento UN amb al FRENTE en SAN CRISTOBAL -Súper LUMINOSO-,Av. Juan de Garay (esquina Matheu),San Cristóbal,CABA,ARS,450000,75000,,1,1,1,,,6
Semipiso 3 Ambientes. Al Contrafrente con vista abierta y LUMINOSO   APTO PROFESIONAL,"Avenida Álvarez Thomas 2900, Piso 7",Villa Urquiza,CABA,ARS,1290000,390000,57.0,2,,,,,6
2 amb luminoso en Recoleta,"Arenales 3000, Piso 8",Recoleta,CABA,ARS,700000,170000,,1,1,2,,,7
"Monoambiente a estrenar balcón, Amenities Seg. Almagro",Gallo 1200,Almagro,CABA,ARS,700000,169000,30.0,,1,,A Estrenar,,7
Alquiler de departamento 2 ambientes en el barrio de Caballito!,Yerbal 600,Caballito,CABA,ARS,550000,75000,33.0,1,,,50 años,,7
MONOAMBIENTE LUMINOSOS CONTRAFRENTE APTO PROFESIONAL,"Lambaré 900, Piso 12",Almagro,CABA,ARS,430000,115000,,,,1,40 años,,7
Caballito 2amb con balcon terraza -  a 1 cuadra de Universidad Maimonides,"Avenida Doctor Honorio Pueyrredón 800, Piso 2",Cid Campeador,Caballito,ARS,880000,220000,44.0,1,,,,,7
Departamento UN amb al FRENTE en SAN CRISTOBAL -Súper LUMINOSO-,Av. Juan de Garay (esquina Matheu),San Cristóbal,CABA,ARS,450000,75000,,1,1,1,,,7
Semipiso 3 Ambientes. Al Contrafrente con vista abierta y LUMINOSO   APTO PROFESIONAL,"Avenida Álvarez Thomas 2900, Piso 7",Villa Urquiza,CABA,ARS,1290000,390000,57.0,2,,,,,7
Excelente Departamento en alquiler en Belgrano,"Av Cabildo 3300, Piso 6",Belgrano,CABA,ARS,950000,200000,48.0,1,,,,,7
"TRES AMBIENTES  AL FRENTE CON BALCON ,LUMINOSO ,VISTA PANORAMICA","Panama 900, Piso 12",Almagro,CABA,ARS,850000,260000,57.0,,1,,,,7
DOS AMBIENTES CON PATIO SIN MASCOTAS,"Humahuaca 4600, Piso 1",Almagro,CABA,ARS,500000,155000,35.0,1,,,30 años,,7
Departamento en Caballito,General Martín De Gainza 500,Caballito,CABA,ARS,660000,375000,45.0,1,,,17 años,,7
ALQUILER 2 AMB CON COCHERA EN BAJO BELGRANO - LIVING AL FRENTE Y DORMITORIO AL CONTRAFRENTE,Avenida Del Libertador 5600,Belgrano,CABA,ARS,1500000,450000,60.0,1,,,20 años,,7
TORRE FULL AMENITIES - PISO 21 - ESTRENAR - 4 DORMITORIOS c/ 2 COCHERAS - ALQUILER BELGRANO,Crámer 1700,Belgrano R,Belgrano,USD,4000,,200.0,4,,,3 años,,7
TORRE FULL AMENITIES - PISO 21 - ESTRENAR - 4 DORMITORIOS c/ 2 COCHERAS - ALQUILER BELGRANO,Crámer 1700,Belgrano R,Belgrano,USD,4000,,200.0,3,,,3 años,,7
DEPARTAMENTO MUY LUMINOSO MEDRANO 57,"Avenida Medrano 100, Piso 8",Almagro,CABA,ARS,550000,96760,,,,1,,,7
Departamento 2 Ambientes Amoblado - Excelente Ubicación (Plaza Serrano),Serrano 1300,Palermo Soho,Palermo,ARS,1200000,180000,45.0,1,,,,,7
Excelente 3 Ambientes Frente c/ Balcón Corrido en Once,"Valentín Gómez 2700, Piso 6",Once,CABA,ARS,800000,223250,60.0,2,,,,,7
Amplio monoambientes en RECOLETA. Juncal y Libertad.,"Juncal 1100, Piso 3",Recoleta,CABA,ARS,600000,80000,25.0,,1,,70 años,,7
"Monoambiente luminoso en Palermo, Plaza Güemes","General Lucio Norberto Mansilla 3800, Piso 9",Palermo,CABA,ARS,550000,100000,,,1,1,,,7
Excelente 2 ambientes al frente,"Ciudad De La Paz 3000, Piso 5",Belgrano,CABA,ARS,850000,406000,55.0,1,,,15 años,,7
EXCELENTE 5 AMBIENTES CON DEPENDENCIA y COCHERA,José Hernández 2000,Belgrano,CABA,USD,3500,850000,230.0,4,2,,,,8
Departamento en alquiler en Recoleta. 2 ambientes con balcón aterrazado.  Amueblado y equipado Ideal matrimonio jóven o estudiantes,"Talcahuano 1200, Piso 1",Recoleta,CABA,USD,500,150000,37.0,1,1,,,,8
"Alquiler, deparatameto 2 ambientes,  Caballito",Rosario 400,Caballito,CABA,ARS,700000,114000,42.0,1,,,50 años,,8
Alquiler 2 ambientes Belgrano Luminoso Balcon,Avenida Del Libertador 5600,Belgrano,CABA,ARS,1000000,450000,45.0,1,,,15 años,,8
Departamento 3 Ambientes con Cochera y Amenities,"Avenida Cerviño 4700, Piso 9",Palermo Nuevo,Palermo,ARS,3400000,600000,85.0,2,,,,,8
"EXCELENTE 2 AMBIENTES C/FTE, CON BALCON, BAÑO Y TOILLETTE","Virrey Olaguer Y Feliú 2400, Piso 7",Belgrano,CABA,ARS,790000,220000,48.0,1,,,40 años,,8
Dúplex con terraza propia y vista abierta en pleno Palermo Hollywood,"Arévalo 2200, Piso 7",Palermo Hollywood,Palermo,USD,1000,438000,70.0,1,,,15 años,,8
Departamento de dos ambientes alquiler - Servicios incluidos,"Rio De Janeiro 300, Piso 1",Caballito,CABA,ARS,750000,,,1,1,2,,,8
Excelente 2 amb grandes contrafrente abierto con balcon corrido lavadero en cocina,"Costa Rica 4400, Piso 1",Palermo Hollywood,Palermo,ARS,720000,230000,60.0,1,1,,,,8
1 ambiente con cochera y amenitis,Laprida 1100,Recoleta,CABA,ARS,890000,290000,34.0,1,,,10 años,,8
ALQUILER - Palermo- Monoambiente dividido con balcón,Bonpland 2300,Palermo Hollywood,Palermo,ARS,700000,250000,34.0,1,,,,,8
Divino contrafrente vista verde!,Franklin Delano Roosevelt 2900,Belgrano,CABA,ARS,680000,128000,34.0,,,1,,,8
Belgrano Blanco Encalada al 3000 piso 5° con Amenities Alquiler Monoambiente,Blanco Encalada 3000,Belgrano,CABA,ARS,630000,138000,32.0,,1,,,,8
Billinghurst al 1500 3 ambientes Recoleta balcon corrido,Billinghurst 1500,Palermo,CABA,ARS,1050000,260000,54.0,2,,,50 años,,8
2 AMBIENTES LATERAL EN ALQUILER,"Gascon 600, Piso 2",Almagro,CABA,ARS,480000,180000,35.0,1,,,45 años,,8
Av. La Plata al 100 - Dos ambientes en piso 23 con vista panorámica y mucha luminosidad - Caballito,Avenida La Plata 100,Caballito Sur,Caballito,ARS,750000,141000,45.0,1,,,55 años,,8
Departamento en Caballito,Cangallo 100,Caballito,CABA,ARS,1100000,311000,55.0,2,,,40 años,,8
Departamento en alquiler 2 amb. en Palermo Hollywood,"Darregueyra 2100, Piso 5",Palermo Hollywood,Palermo,ARS,870000,230000,58.0,1,,,,,8
Departamento Dúplex en alquiler en Palermo Soho,Gorriti 4400,Palermo Soho,Palermo,ARS,1550000,325000,64.0,2,,,5 años,,8
Semipiso en alquiler en Palermo,"General Lucio Norberto Mansilla 3600, Piso 4",Palermo,CABA,ARS,950000,180000,50.0,1,1,,,,8
Departamento en alquiler en Palermo,"Aráoz 2300, Piso 3",Palermo,CABA,ARS,800000,180000,35.0,1,,,40 años,,9
Dueño directo sin comisión | Monoambiente luminoso con balcón en Palermo Hollywood,"Angel Carranza 1300, Piso 2",Palermo Hollywood,Palermo,ARS,649000,110000,30.0,,,1,,,9
2 amb Excelente por estado y ubicacion mts rivadavia y subte,"Don Bosco 3700, Piso 5°",Almagro Norte,Almagro,ARS,640000,110000,40.0,1,,,40 años,,9
LINDO MONOAMBIENTE CON BALCON - RECICLADO,Humahuaca 4600,Almagro,CABA,ARS,550000,140000,30.0,,1,,15 años,,9
Departamento en ALQUILER AV LA PLATA 3 AMBIENTES,Avenida La Plata 400,Almagro,CABA,ARS,950000,175000,52.0,2,,,50 años,,9
Alquiler 2 Ambientes en Palermo con Amenities,Paraguay 4400,Palermo Soho,Palermo,USD,1100,370000,54.0,1,,,18 años,,9
Hermoso departamento con expensas incluidas,"José Antonio Cabrera 3500, Piso 8",Palermo Viejo,Palermo,USD,1150,,49.0,1,2,,,,9
Depto. amoblado e equipado.  en alquiler - Edificio CONCORD.  Recoleta,"Avenida Callao 1200, Piso 6",Recoleta,CABA,ARS,850000,250000,33.0,,1,1,,,9
Impecable departamento en San Nicolás,"Avenida Córdoba 1300, Piso 11",San Nicolás,CABA,ARS,1100000,250000,,2,1,3,,,9
Departamento en alquiler en Belgrano - Semipiso Amoblado - Frente Y Contrafrente - Muy Luminoso - Cochera Opcional - Dueño Directo,"Avenida Congreso 2200, Piso 5",Belgrano,CABA,ARS,950000,200000,45.0,1,,,,,9
DEPARTAMENTO 2 AMB CON BALCON - 46 m² - MERCEDES  3100 - VILLA DEVOTO - ALQUILER,"Mercedes 3100, Piso 2",Villa Devoto,CABA,ARS,700000,245000,43.5,1,,,,,9
"Departamento en alquiler en Villa Devoto, 2 ambientes",Avenida Salvador María Del Carril 3200,Villa Devoto,CABA,ARS,550000,85000,36.0,1,,,40 años,,9
EXCELENTE 2 AMBIENTES CON LAVADERO INDEPENDIENTE – FLORESTA,Concordia 100,Floresta,CABA,ARS,650000,100000,,1,1,2,,,9
Flores departamento 2 ambientes al frente. Muy buena ubicación y estado. No paga ABL.,"Avenida Directorio 1800, Piso 3°",Flores,CABA,ARS,800000,170000,39.0,1,,,,,9
AMB C/Balcon al Frente,Avenida General Mosconi 3300,Villa Devoto,CABA,ARS,650000,180000,32.0,,1,1,,,9
"Departamento  en Alquiler en Villa Devoto, Capital Federal, Buenos Aires",Avenida Francisco Beiró 4000,Villa Devoto,CABA,ARS,750000,230000,45.0,1,,,45 años,,9
EXCELENTE 3 AMBIENTES CON AMENITIES | SAN CRISTOBAL | LUMINOSO | AMUEBLADO | METROS SUBTE E,"Constitucion 2200, Piso 4",San Cristóbal,CABA,USD,650,150000,44.0,2,,,44 años,,9
Monoambiente con balcón Alquiler en Villa Urquiza,"Ceretti 2100, Piso 3°",Villa Urquiza,CABA,ARS,650000,160000,35.0,,1,,15 años,,9
ALQUILER Departamento de 2 ambienes en Belgrano. Excelente ubicación. Muy buen estado. Cocina independiente con lavadero,"Amenábar 1200, Piso 5",Belgrano,CABA,ARS,650000,210000,,1,1,2,,,9
Departamento ideal consultorio en alquiler en Recoleta,"Larrea 800, Piso PB",Recoleta,CABA,ARS,1400000,250000,72.0,2,,,60 años,,9
Excelente 2 Ambientes Interno Frente a Plaza Irlanda. Sólo con Garantía Familiar,Morelos 700,Caballito Norte,Caballito,ARS,500000,150000,37.0,1,,,50 años,,10
Departamento en Palermo,Uriarte 2200,Palermo,CABA,ARS,760000,150000,25.0,1,,,A Estrenar,,10
4 AMBIENTES EN BELGRANO NUÑEZ - EDIFICIO CON SEG 24HS Y GYM - COCHERA OPCIONAL,Avenida Del Libertador 6700,Belgrano,CABA,USD,1400,620000,78.0,3,,,20 años,,10
Villa Urquiza: Olazabal y Pacheco 3 Amb con Cochera Fija,"Avenida Olazábal 4700, Piso 9°",Villa Urquiza,CABA,ARS,1500000,230000,64.0,2,,,24 años,,10
1 AMBIENTE DIVISIBLE CON COCHERA CHICA. CATEGORIA CON AMENITIES Y PILETA.,"Avenida Francisco Beiró 3300, Piso 4",Villa Devoto,CABA,ARS,700000,160000,42.0,,1,,,,10
DEPARTAMENTO EN DEVOTO 2 AMBIENTES AL FRENTE,"Avenida Francisco Beiró 4200, Piso 5",Barrio San Pedro,Villa Devoto,ARS,1050000,286000,47.0,1,,,12 años,,10
2 amb gran balcon,Avenida García Del Río 4000,Saavedra,CABA,ARS,590000,200000,,1,1,2,,,10
(NUEVO) RODRIGUEZ PEÑA Y LAS HERAS - ESCRITORIO FRENTE COMEDOR DIARIO,Rodríguez Peña 1300,Recoleta,CABA,ARS,1100000,229142,69.0,2,,,5 años,,10
ALQUILER – 2 Ambientes a Estrenar al Frente en Las Cañitas,Migueletes 1200,Las Cañitas,Palermo,ARS,800000,280000,36.0,1,,,5 años,,10
Departamento en alquiler en Recoleta vista al rio,"Avenida Callao 1200, Piso 17",Recoleta,CABA,USD,1900,600000,,1,1,2,,,10
CARACAS Y AV. GAONA - 12 AÑOS CONTRAFRENTE 40 M2 BALCON V/ABIERTA TODO SOL TODO EXTERNO,Caracas 1200,Flores,CABA,ARS,650000,210000,40.0,1,,,12 años,,10
ALQUILER DE MONOAMBIENTE EN SAAVEDRA,Quintana 4600,Saavedra,CABA,ARS,690000,130000,35.0,,1,,10 años,,10
Alquiler 2 ambientes.,Gascon 1200,Palermo,CABA,ARS,900000,300000,44.0,1,1,,,,10
Departamento excelente estado 2 ambientes - San Cristobal,Rincon 1100,San Cristóbal,CABA,ARS,680000,148000,35.0,1,,,35 años,,10
Excelente departamento dos ambientes,"Gral Jose G Artigas 2800, Piso 3",Villa del Parque,CABA,ARS,750000,74000,42.0,1,1,,,,10
V. Urquiza Piso 3 Ambientes en Alquiler,"Avalos 2100, Piso 7°",Villa Urquiza,CABA,ARS,1400000,678000,70.0,2,,,22 años,,10
Alquiler monoambiente en Las Cañitas,Migueletes 1200,Las Cañitas,Palermo,ARS,800000,150000,40.0,1,,,15 años,,10
Excelente departamento apto profesional y comercial con importantes amenities,"Ciudad de La Paz 1900, Piso 3",Belgrano C,Belgrano,ARS,480000,350000,31.0,,,,10 años,,10
"2 ambientes al frente con balcón, amenities y apto profesional","Curapaligüe 100, Piso 6",Caballito,CABA,ARS,900000,245000,46.0,1,,,10 años,,10
Alquiler Departamento 1 ambiente en San Nicolas . Super Luminoso,"Viamonte 1300, Piso 4",San Nicolás,CABA,ARS,570000,256000,42.0,,1,,10 años,,10
ALQUILER DPTO. 2 AMB- TERRADA 1300 8°- PATERNAL,"Terrada 1300, Piso 8°",Paternal,CABA,ARS,820000,185000,49.0,1,,,10 años,,11
Departamento en alquiler en Belgrano R,"Conesa 1800, Piso 3",Belgrano R,Belgrano,ARS,1150000,300000,57.0,2,,,,,11
Monoambiente en alquiler – Belgrano | Apto profesional,"Amenábar 2400, Piso 2",Belgrano,CABA,ARS,700000,250000,,,1,1,,,11
Departamento 2 Ambientes en alquiler en villa urquiza,"Andonaegui 2600, Piso 3",Villa Urquiza,CABA,ARS,750000,200000,45.0,1,,,,,11
(A ESTRENAR) SUCRE Y AV. SANTA FE - FTE Y CFTE BALCON V/ABIERTA TODO SOL T/EXTERNO AMPLIA COCINA,José De Sucre 2400,Belgrano,CABA,ARS,1500000,200000,60.0,1,,,A Estrenar,,11
Juan B Ambrosetti 200 - Monoambiente con balcón. Apto profesional Amenities - Caballito,Juan B. Ambrosetti 200,Parque Rivadavia,Caballito,ARS,600000,120000,23.0,,1,,8 años,,11
SEMIPISO DIVISIBLE EN ACHAVAL AL 300 - IMPECABLE BALCON TODO SOL APTO PROFESIONAL,Achaval 300,Caballito,CABA,ARS,590000,177660,36.0,,1,,12 años,,11
Monoambiente cocina y baño en villa del Parque,Lavallol 2000,Villa del Parque,CABA,ARS,460000,120000,34.0,1,,,A Estrenar,,11
Departamento en alquiler en Balvanera,"Av Córdoba 2800, Piso 13",Balvanera,CABA,ARS,550000,170000,26.7,,,1,,,11
Departamento de 1 amb en Villa del Parque,Cuenca 2300,Villa del Parque,CABA,ARS,550000,95000,30.0,,1,,5 años,,11
Departamento en Villa del Parque,Melincué 3500,Villa del Parque,CABA,ARS,460000,220000,32.0,1,,,40 años,,11
EXCELENTE Y MUY LUMINOSO 3 AMBIENTES AL FRENTE EN VILLA DEL PARQUE CON BALCÓN,"Pedro Lozano 2600, Piso 6",Villa del Parque,CABA,ARS,1200000,250000,60.0,2,,,10 años,,11
IMPECABLE DEPARTAMENTO DE 2 AMBIENTE DIVISIBLE,"Marcos Sastre 3500, Piso P.B",Villa del Parque,CABA,ARS,550000,130000,36.0,1,,,35 años,,11
Departamento dos ambientes en alquiler en Caballito excelente estado.Apto profesional,"Guayaquil 700, Piso 5",Caballito,CABA,ARS,650000,100000,,,,,,,11
Departamento en Recoleta,Juncal 1800,Recoleta,CABA,USD,1200,650000,76.0,2,,,50 años,,11
MONOAMBIENTE REFACCIONADO A NUEVO – MUY LUMINOSO – APTO PROFESIONAL,"Laprida 1200, Piso 2",Barrio Norte,CABA,ARS,630000,140000,30.0,,1,1,,,11
DPTO. 4 AMB. c/DEP. y COCH. en RECOLETA,Avenida Callao 1900,Recoleta,CABA,USD,1800,790000,140.0,3,,,66 años,,11
Departamento monoambiente divisible fte 2do piso x escalera,Agüero 2100,Recoleta,CABA,ARS,600000,160000,39.0,,1,1,,,11
Hermoso departamento a estrenar de 1 amb. frente con balcón y vista abierta.,"Araujo 100, Piso 6",Villa Luro,CABA,ARS,800000,,30.0,,1,,A Estrenar,,11
Departamento - Villa del Parque,Avenida San Martín 2700,Villa del Parque,CABA,ARS,880000,150000,44.0,1,,,15 años,,11
2 AMB con 2 baños A ESTRENAR - Balcón al frente,Teniente General Juan Domingo Perón 3800,Almagro,CABA,ARS,800000,200000,44.0,1,,,A Estrenar,,12
Comodo monoambiente con balcón al frente a mts de Av. Cabildo,Manuela Pedraza 2400,Núñez,CABA,ARS,620000,240000,33.0,,1,,14 años,,12
Semipiso Premium Frente a Plaza Devoto,Avenida Salvador María Del Carril 4100,Villa Devoto,CABA,ARS,7000000,1000000,180.0,3,4,,,,12
Departamento en Caballito,Avenida Pedro Goyena 1400,Caballito,CABA,USD,1800,,,,,4,30 años,,12
Departamento 2 ambientes  c/balcón doble y seguridad 24 hs,Hortiguera 100,Caballito,CABA,ARS,650000,277000,40.0,1,1,,,,12
"DEPTO DE 1AMB. 2º PISO AL FRENTE, DE 15 AÑOS DE ANTIGUE, y 40Mts2 CON COCHERA EDIFICIO CON AMENITIES","Doctor Pedro Ignacio Rivera 5000, Piso 2",Villa Urquiza,CABA,ARS,800000,220000,40.0,,1,,15 años,,12
Dos ambientes al frente en un primer piso.,"Avenida Juan Bautista Justo 8100, Piso 1°",Villa Luro,CABA,ARS,500000,160000,,1,1,2,,,12
2 AMBIENTES PLATA BAJA AL FRENTE APTO PROFESIONAL,"Miller 3000, Piso P.B",Villa Urquiza,CABA,ARS,850000,130000,,1,2,2,,,12
DEPARTAMENTO ALTO PALERMO,"General Güemes 3300, Piso 6",Recoleta,CABA,ARS,700000,208000,40.0,1,,,,,12
ALQUILER_1 AMBIENTE_SEGURO DE FIANZA_SIN COMISION_,"Quito 3800, Piso 1",Almagro,CABA,ARS,430000,105000,,,1,1,40 años,,12
ALQUILER - 2 AMBIENTES - EXCELENTE ESTADO - SEGURO DE FIANZA,"Hidalgo 700, Piso 7",Caballito,CABA,ARS,630000,85000,,1,1,,40 años,,12
Departamento en Caballito,Directorio  496 4º Piso,Caballito,CABA,ARS,1100000,181000,78.0,2,,,50 años,,12
ALQUILER PENTHOUSE A ESTRENAR 5 AMBIENTES 260MT Y 2 COCHERAS,"11 De Septiembre De 1888 2900, Piso 8°",Núñez,CABA,USD,5200,,260.0,4,,,A Estrenar,,12
Alquiler departamento 2 ambientes Belgrano,3 De Febrero 1500,Belgrano C,Belgrano,USD,1300,200000,55.0,1,,,A Estrenar,,12
Devoto 2 Ambientes Frente Balcon,"Baigorria 4600, Piso 3°",Villa Devoto,CABA,ARS,700000,180000,45.0,1,,,2 años,,12
DUEÑO ALQUILA.  Departamento a cuadras Plaza San Martín,"Suipacha 900, Piso 3",Plaza San Martín,Barrio Norte,ARS,690000,178000,32.0,1,,,35 años,,12
3 amb COCHERA  DISPONIBLE 1/9/26,Moldes 1500,Belgrano,CABA,USD,1000,,68.0,3,,,30 años,,12
En alquiler: Depto 2 ambientes Rivera esquina Cabildo,"Doctor Pedro Ignacio Rivera 2400, Piso 5°",Belgrano,CABA,ARS,700000,150000,43.0,1,,,52 años,,12
1 AMB DIVISIBLE CON BALCON + PISCINA - GYM - LAUNDRY,"Avenida Doctor Honorio Pueyrredón 400, Piso 2°",Caballito Norte,Caballito,ARS,590000,195000,34.0,,1,1,,,12
CHARCAS AL 3100 - FRENTE 55 M2 BALCON VISTA ABIERTA TODO SOL APTO PROFESIONAL,Charcas 3100,Barrio Norte,CABA,ARS,950000,175450,52.0,2,,,40 años,,12
AV. AVELLANEDA AL 1800 - IMPECABLE BALCON TODO SOL TODO EXTERNO,Avenida Avellaneda 1800,Caballito,CABA,ARS,600000,180000,34.0,1,,,40 años,,13
MORELOS AL 600 - T/AL FRENTE EN ESQUINA 36 M2 IMPEC BALCON T/SOL APTO PROFESIONAL,Morelos 600,Caballito,CABA,ARS,680000,148394,33.0,1,,,40 años,,13
Alquiler 2 ambientes en la exclusiva zona de Villa Devoto,Avenida Francisco Beiró 4900,Villa Devoto,CABA,ARS,750000,220000,42.0,1,,,10 años,,13
Departamento en alquiler en Flores - Divina Balcon al Frente,"Rivera Indarte 400, Piso 6",Flores,CABA,ARS,850000,200000,49.0,1,,,25 años,,13
Monoambiente ideal con amplio balcón y cocina separada,"Asuncion 2100, Piso 2",Villa Urquiza,CABA,ARS,600000,181500,32.0,,1,,6 años,,13
Departamento en alquiler en Almagro,"Avenida Rivadavia 3900, Piso 8",Almagro,CABA,ARS,650000,115000,,1,1,,40 años,,13
Departamento en alquiler en Almagro,"Colombres 100, Piso 2",Almagro,CABA,ARS,450000,83000,34.0,,1,,55 años,,13
Alquiler Depto Belgrano R 1 Dormitorio  Seguridad 24hs Amenities,Conesa 1900,Belgrano R,Belgrano,USD,900,275000,47.0,1,,,23 años,,13
DEPARTAMENTO MONOAMBIENTE CON BALCON - PALERMO,"Fray Justo Santa María De Oro 2200, Piso 2",Palermo,CABA,ARS,600000,300000,38.0,,1,,15 años,,13
EXCLUSIVO DEPARTAMENTO TOTALMENTE RECICLADO,"Junín 500, Piso 3°",Balvanera,CABA,ARS,850000,180000,54.0,1,1,,,,13
Departamento en alquiler en Paternal,"Terrero 2300, Piso 1",Paternal,CABA,ARS,800000,360000,58.0,2,1,,,,13
Departamento en alquiler en Barrio Norte,Presidente José Evaristo Uriburu 700,Barrio Norte,CABA,ARS,610000,190000,,,,,40 años,,13
Departamento en alquiler en Barrio Norte,Paraguay 1900,Barrio Norte,CABA,ARS,470000,180000,30.0,,1,,30 años,,13
Departamento monoambiente luminoso en alquiler en Almagro,"Pringles 700, Piso 6",Almagro,CABA,ARS,650000,198000,38.0,,,1,A Estrenar,,13
Dos ambientes luminosos en muy buen estado,Avenida Angel Gallardo 800,Villa Crespo,CABA,ARS,750000,220000,35.0,1,,,50 años,,13
Departamento Alquiler dos ambientes 43 metros,"Moreno 2800, Piso 5°",Balvanera,CABA,ARS,650000,195000,43.0,1,1,,,,13
Yerbal al 2500 - Departamento de 3 amb. con dependencia en alquiler,Yerbal 2500,Flores,CABA,ARS,950000,300000,91.0,2,,,A Estrenar,,13
Palestina al 500 - Almagro - Monoambiente a metros del H. Italiano - Apto profesional,Estado de Palestina 500,Almagro,CABA,ARS,590000,148500,24.0,,1,,4 años,,13
Dueño alquila hermoso y comodo departamento  en  Almagro,"Rocamora 4400, Piso 1er",Almagro,CABA,ARS,900000,180000,40.0,1,,,10 años,,13
EXCELENTE 3 AMBIENTES AL FRENTE CON BALCÓN CORRIDO EN RECOLETA – A METROS DE AV. SANTA FE Y SUBTE LÍNEA D,Avenida Pueyrredón 1100,Recoleta,CABA,ARS,980000,291000,45.0,2,,,45 años,,13
DUEÑO DIRECTO - RUGGIERI 2700 -APTO PROFESIONAL- B NORTE-PALERMO -  3 EXCELENTES AMBIENTES-93M2,Silvio L. Ruggieri 2700,Palermo,CABA,ARS,1200000,260000,93.0,2,1,,,,14
AV. LAS HERAS AL 2400 - IMPECABLE LUMINOSO APTO PROFESIONAL,Avenida General Las Heras 2400,Recoleta,CABA,ARS,550000,146000,20.0,,1,,40 años,,14
4 AMB CON BALCÓN Y COCHERA AL FRENTE PROX A PARQUE CENTENARIO,Lavalleja 700,Villa Crespo,CABA,ARS,1150000,295000,92.0,3,,,50 años,,14
ALQUILER - 4 AMBIENTES - 3 DORMITORIOS - COCHERA - PALERMO CHICO,Juan María Gutiérrez 3900,Recoleta,CABA,USD,2500,,110.0,3,,,15 años,,14
CRAMER 2590 1 ambiente C/Fte Balcón Amenities AA,"Crámer 2500, Piso 2°",Belgrano,CABA,ARS,650000,110300,30.0,,1,,15 años,,14
ALQUILER DEPARTAMENTO 2 AMBIENTES 40M2 EN VILLA URQUIZA,"Franklin Delano Roosevelt 4800, Piso 5°",Villa Urquiza,CABA,ARS,880000,,38.0,1,,,10 años,,14
Moderno Mini Loft edificio con amenities ambiente divisible balcon,"Arévalo 2900, Piso 1",Las Cañitas,Palermo,ARS,650000,305000,32.0,,1,,7 años,,14
ALQUILER DEPARTAMENTO MONOAMBIENTE  C/ BALCÓN  A ESTRENAR AL FRENTE  VILLA URQUIZA,"Díaz Colodrero 3500, Piso 1",Villa Urquiza,CABA,ARS,600000,85000,28.0,,1,,A Estrenar,,14
Departamento en alquiler en Villa Devoto,"Boulevard Salvador M.Del Carril 4700, Piso 3",Villa Devoto,CABA,ARS,900000,150000,42.0,1,,,A Estrenar,,14
Monoambiente a estrenar con balcón al frente,"Galvan 3500, Piso 1",Villa Urquiza,CABA,ARS,700000,130000,34.0,,,,A Estrenar,,14
Monoambiente en alquiler en Flores Norte,"Cnel Ramon L. Falcon 2100, Piso 3",Flores Norte,Flores,ARS,530000,120000,,,1,1,15 años,,14
Departamento Monoambiente en alquiler en Flores,"Avenida Directorio 2300, Piso 6",Flores,CABA,ARS,420000,85000,,,1,1,30 años,,14
Exclusivo piso en Belgrano,"José De Sucre 2800, Piso 5",Belgrano C,Belgrano,ARS,1800000,500000,98.0,3,,,50 años,,14
Dueño Directo Alquila – 2 Ambientes – Cocina Reciclada a Nuevo – Almagro Norte,Estado de Palestina 600,Almagro Norte,Almagro,ARS,750000,130000,41.0,1,1,,,,14
Regio departamento 2 ambientes en alquiler en San Cristóbal apto profesional y/o vivienda,"Avenida San Juan 2100, Piso 2",San Cristóbal,CABA,ARS,850000,170000,43.0,1,,,,,14
"Depto en Alquiler 2 Ambientes San Cristóbal  Av Entre Rios 1200 , 7 Piso Dueño Alquila SIN COMISIÓN DE INMOBILIARIA","Avenida Entre Ríos 1200, Piso 7",San Cristóbal,CABA,ARS,540000,120000,39.0,1,,,49 años,,14
SEMIP EN PARAGUAY AL 2300 - T/AL FTE 99 M2 BALCON TODO SOL TODO EXTERNO ESPECTACULAR LIVING,Paraguay 2300,Barrio Norte,CABA,ARS,1300000,482000,99.0,3,,,40 años,,14
Dos ambientes - Almagro - alquiler,"Avenida Rivadavia 4300, Piso 10",Almagro,CABA,ARS,650000,166000,39.0,1,1,,,,14
ALQUILER 3 AMBIENTES TORRE RENOIR - P MADERO - TIPOLOGIA AVE,MARTA LINCH al 400,Puerto Madero,CABA,USD,2700,,160.0,2,,,10 años,,14
SEMIP C/DEP EN ECUADOR Y AV. SANTA FE - FRENTE IMPEC BALCON TODO SOL DOBLE ENTRADA,Ecuador 1400,Barrio Norte,CABA,ARS,980000,370000,62.0,2,,,40 años,,14
SEMIPISO EN AV. DIRECTORIO AL 1500 - NUEVO BALCON TODO SOL AMENITIES,Avenida Directorio 1500,Caballito,CABA,ARS,700000,173290,31.0,,1,,10 años,,15
YERBAL AL 900 - CONTRAFRENTE IMPECABLE VISTA ABIERTA TODO SOL,Yerbal 900,Caballito,CABA,ARS,490000,128500,35.0,1,,,40 años,,15
Departamento en alquiler en Belgrano C,"Amenábar 1400, Piso 8",Belgrano C,Belgrano,ARS,1100000,200000,70.0,1,,,20 años,,15
ALQUILER DEPARTAMENTO MONOAMBIENTE CON BALCON EN VILLA PUEYRREDON,"Vallejos 2600, Piso 7",Villa Pueyrredón,CABA,ARS,650000,121182,33.07,,1,,15 años,,15
DEPARTAMENTO 2 AMBIENTES,"Jose J Biedma 900, Piso 6",Caballito,CABA,ARS,680000,150000,38.0,1,,,30 años,,15
"Departamento de 2 ambientes en alquiler – NO PAGA EXPENSAS, ABL, AYSA","Catamarca 1200, Piso 6",San Cristóbal,CABA,ARS,750000,,,1,1,2,,,15
ALQUILER - 4 AMBIENTES - 3 DORMITORIOS - COCHERA - PALERMO CHICO,Juan María Gutiérrez 3900,Palermo,CABA,USD,2500,,110.0,3,,,12 años,,15
Alquiler Depto 4 amb Cochera Pileta Parrilla- Palermo Hollywood Sobre Dorrego,Dorrego 2200,Palermo Hollywood,Palermo,ARS,2300000,450000,77.0,3,,,5 años,,15
DEPARTAMENTO EN ALQUILER DE 4 AMBIENTES CON DEPENDENCIA Y COCHERA EN PALERMO CHICO CON AMENITIES,Segui al 3600,Palermo Chico,Palermo,USD,5000,,,3,3,,10 años,,15
"JUNCAL 1600,Piso 7º.  RECOLETA",Juncal 1600,Recoleta,CABA,ARS,550000,210000,23.0,,1,,55 años,,15
Espectacular departamento A ESTRENAR de categoría – Balcón terraza con parrilla propia – Detalles premium,San José De Calasanz 700,Caballito,CABA,ARS,1100000,200000,56.0,1,,,,,15
"Excelente Ubicación,  Zona Residencial, Luz y Sol","Capitán General Ramón Freire 3500, Piso 3",Saavedra,CABA,ARS,800000,94600,,1,1,,8 años,,15
Departamento en Palermo,Francisco Acuña De Figueroa 1200,Palermo,CABA,ARS,800000,150000,33.0,1,,,40 años,,15
2 Ambientes muy luminoso ubicación estratégica,Avenida San Martín 1900,Villa Crespo,CABA,ARS,600000,140000,,1,1,,50 años,,15
"DEPARTAMENTO 3 DOR.C/DEP - RECOLETA, CAPITAL FEDERAL","Vicente López 1700, Piso 5",Recoleta,CABA,USD,3000,700000,170.0,3,,,80 años,,15
Belgrano Av Luis María Campos y Virrey Loreto Edificio Premium a estrenar monoambiente de 41 m2 amenities contra frente luminoso y silencioso. Próximo a todos los medios de locomocíon,Avenida Luis María Campos 1400,Belgrano,CABA,USD,800,180000,38.0,,1,,A Estrenar,,15
3 AMB. AL FTE CON BALCON. EXCEPCIONAL  UBICACIÓN. 1ER PISO POR ESC. BAJAS EXP.,"Llavallol 3500, Piso 1",Villa Devoto,CABA,ARS,1200000,190000,,2,,3,,,15
"Departamento de 2 ambientes super luminoso, vista abierta a pulmon de manzana.","Formosa 100, Piso 2",Caballito,CABA,ARS,980000,200000,45.0,1,,,2 años,,15
Moderno 2 Ambientes con Cochera y Baulera | Full Amenities,Pico 2300,Núñez,CABA,USD,940,310000,42.0,1,,,,,15
Alquiler 2 Ambientes Belgrano Nuñez Balcon Luminoso,Manuel Ugarte 1500,Núñez,CABA,ARS,1300000,290000,48.0,1,,,10 años,,15
Manzanares 1600 Duplex 2 amb Luminoso Amenities Sin muebles,Manzanares 1600,Núñez,CABA,ARS,1250000,300000,55.0,1,1,,,,16
Departamento en alquiler en Flores,Jose Bonifacio 2900,Flores,CABA,ARS,650000,160000,,1,1,2,,,16
Excelente monoambiente a estrenar. Listo para habitar.,"Puan 600, Piso 5",Caballito,CABA,ARS,700000,100000,28.0,,,,A Estrenar,,16
EXCELENTE DEPTO 3 AMB. 2 BAÑOS ESTRENAR PATIO CON PARRILLA EXCELENTE,Avenida Francisco Beiró 4800,Villa Devoto,CABA,ARS,2600000,150000,,2,2,,A Estrenar,,16
MONOAMBIENTE CON PATIO,"Avenida Francisco Beiró 4200, Piso 1",Barrio San Pedro,Villa Devoto,Consultar,200000,,30.0,,1,,12 años,,16
"Muy buena ubicación, expensas accesibles","Virrey Loreto 3700, Piso 1",Colegiales,CABA,ARS,900000,157750,56.0,2,,,39 años,,16
Monoambiente con división en alquiler Microcentro,Esmeralda 700,Microcentro,Centro,ARS,600000,96000,28.0,1,1,,,,16
Para exigentes!  2 ambientes super luminosos con cochera cub,Avenida Ingeniero Huergo 500,Puerto Madero,CABA,USD,1250,,52.0,1,,,A Estrenar,,16
5 AMBIENTES/DEP. SERV. + 5 COCHERAS + PISCINA + BAULERA,Mariscal Francisco Solano López 3800,Villa Devoto,CABA,USD,4000,,,4,4,5,,,16
"Rivadavia al 10400 - Apto Profesional, Alquiler","Avenida Rivadavia 10400, Piso 7",Villa Luro,CABA,ARS,650000,132000,35.0,1,,,22 años,,16
Alquilo departamento de 3 ambientes al frente con balcón corrido en excelente estado,"J Rondeau 2600, Piso 2",Parque Patricios,CABA,ARS,850000,200000,50.0,2,,,50 años,,16
Dpto 2 amplios ambientes de 55m Congreso.,Adolfo Alsina 1500,Congreso,CABA,ARS,650000,100000,55.0,1,1,,,,16
Alquiler Monoambiente Nuñez,Amenábar 3300,Núñez,CABA,ARS,700000,225000,31.0,,1,,20 años,,16
Departamento en alquiler en Belgrano,Avenida Cabildo 100,Belgrano,CABA,ARS,1550000,400000,78.0,3,,,,,16
Monoambiente Bario norte Amoblado y equipado,Uruguay 800,Barrio Norte,CABA,ARS,585000,160000,22.0,,1,1,,,16
DUEÑO DIRECTO ¡ESPECTACULAR Y AMPLIO MONOAMBIENTE!,"Avenida Álvarez Jonte 3500, Piso 7",Villa del Parque,CABA,ARS,650000,150000,36.0,,1,1,,,16
DUEÑO ALQUILA  ZONA  TRIBUNALES,"VIAMONTE 1300, Piso 8",Tribunales,Centro,ARS,500000,193000,36.0,,1,,40 años,,16
DUEÑO ALQUILA 2 AMBIENTES en Villa Luro,Yerbal 5100,Villa Luro,CABA,ARS,750000,150000,,1,,,,,16
DEPTO 3 AMB. C/BALCON - MUY BUEN ESTADO Y EXCELENTE ZONA,Avenida Caseros 700,San Telmo,CABA,ARS,810000,200000,,2,1,3,,,16
"Frente, todo luz y sol , 51m2 2 baños","Sarandí 400, Piso 3",Congreso,CABA,ARS,650000,195000,51.0,1,,,55 años,,16
"Frente, todo luz y sol , 51m2 2 baños","Sarandí 400, Piso 3",Congreso,CABA,ARS,650000,195000,51.0,1,,,55 años,,17
HERMOSO MONOAMBIENTE A ESTRENAR EN INMEJORABLE LUGAR. APTO PROFESIONAL.,"Avenida Doctor Ricardo Balbín 4000, Piso 6",Saavedra,CABA,ARS,800000,120000,38.0,,,,A Estrenar,,17
DOS AMBIENTES A ESTRENAR! - Edificio con Amenities!,"Pergamino 100, Piso 2",Flores,CABA,ARS,820000,200000,40.3,1,,,A Estrenar,,17
DEPARTAMENTO 3 AMB/BALCON AMPLIO,Avenida Juan De Garay 300,San Telmo,CABA,ARS,950000,200000,,2,1,,50 años,,17
Alquiler Departamento apto profesional al frente en Belgrano. Excelente ubicación.,Montañeses 2400,Belgrano,CABA,ARS,800000,100000,36.0,,1,,A Estrenar,,17
"Excelente  2AMB, al frente,Baño comp, cocina c/lav","Humberto 1 1300, Piso 2°",Congreso,CABA,ARS,580000,124000,34.0,1,,,52 años,,17
HERMOSO MONOAMBIENTE ALMAGRO,"Avenida Rivadavia 4000, Piso 3",Almagro,CABA,ARS,730000,150000,31.0,1,,,4 años,,17
"Palermo. Monoambiente impecable, en Cañitas. Al frente luminoso amoblado amenities","Dorrego 2600, Piso 1",Las Cañitas,Palermo,ARS,900000,180000,35.0,,1,,12 años,,17
2 amb. a la calle con balcón terraza.,Moldes 2100,Belgrano,CABA,ARS,850000,188500,37.0,1,,,35 años,,17
"Alquiler Mono amoblado Mil Aires, cochera opcional.",Avenida Lastra 4200,Villa Devoto,CABA,USD,600,248000,40.0,,1,,,,17
3 ambientes Cramer 2300,Crámer 2300,Belgrano,CABA,ARS,1780000,380000,71.0,2,,,30 años,,17
AV JUAN B JUSTO AL 2300_V CRESPO_ALQUILER 3 AMB+COCINA+LAVADERO_42M2 TOT,Avenida Juan Bautista Justo 2300,Villa Crespo,CABA,ARS,750000,135000,42.0,2,,,65 años,,17
Alquiler MONOAMBIENTE en nuñez,"Avenida Del Libertador 6800, Piso 6",Núñez,CABA,ARS,650000,200000,35.0,1,,,20 años,,17
Alquiler 3 Ambientes Duplex Belgrano Cochera Terraza Seguridad Pileta Sum,José Hernández 2200,Belgrano,CABA,USD,2000,950000,90.0,2,,,20 años,,17
"Excelente S/piso, Frente, Vista Hotel Alvear y Arboleda, Edificio Señorial de Mucho Nivel, Impecable","Ayacucho 2000, Piso 2",Recoleta,CABA,ARS,1050000,630000,100.0,3,,,45 años,,17
Departamento en alquiler en Barrio Norte - Av. Coronel Díaz 1860,Avenida Coronel Díaz 1800,Barrio Norte,CABA,ARS,2000000,212000,110.0,3,,,40 años,,17
"LUMINOSO Y AMPLIO AMBIENTE DIVISIBLE, CON BALCON AL CONTRAFRENTE.","Joaquín V. González 2100, Piso 3",Villa del Parque,CABA,ARS,490000,150000,33.0,,1,,12 años,,17
ARTIGAS AL 2900 - 10 AÑOS CONTRAFRENTE 27 M2 BALCON TERRAZA VISTA ABIERTA TODO SOL,General José Gervasio Artigas 2900,Villa del Parque,CABA,ARS,480000,105000,20.0,,1,,10 años,,17
GRAN AMBIENTE EN NICARAGUA AL 4700 - FRENTE IMPECABLE VISTA ABIERTA TODO SOL,Nicaragua 4700,Palermo,CABA,ARS,600000,110000,26.0,,1,,40 años,,17
Departamento en Almagro,Avenida Hipólito Yrigoyen 3600,Almagro,CABA,ARS,700000,,,1,1,,A Estrenar,,17
Alquiler 1 amb con baño y toilette con amenities,"Avenida Medrano 400, Piso 5",Almagro,CABA,ARS,575000,250000,38.0,,1,,10 años,,18
"3 Amb APTO PROFESIONAL X REGLAMENTO, c/balcón a cfte abierto con Aire Acond y calefacción por Losa Radiante SUPER LUMINOSO ! VEALO!","Bogotá 2300, Piso 4",Flores Norte,Flores,ARS,900000,170000,57.0,2,,,30 años,,18
LINDO Depto. / AMPLIO 2 ambientes / 1er. PISO Al frente / Muy luminoso / A NUEVO,"Felipe Vallese 2900, Piso 1",Flores Norte,Flores,ARS,750000,190000,40.0,1,,,30 años,,18
IMPECABLE DEPARTAMENTO 2 AMBIENTES POR ESCALERA,"Baldomero Fernández Moreno 2600, Piso 2",Flores,CABA,ARS,680000,88000,35.0,1,,,13 años,,18
"2 AMB Y MEDIO CON BALCÓN, PILETA Y LAUNDRY","Bulnes 800, Piso 7",Almagro,CABA,ARS,900000,234000,47.0,1,,2,,,18
ALQUILER DEPARTAMENTO 2 AMBIENTES EN CONGRESO FRENTE CON BALCON - LUMINOSO -,"RIOBAMBA 100, Piso 5",Congreso,CABA,ARS,660000,220000,42.0,1,,,60 años,,18
Departamento en Alquiler 2 Ambientes,"Coronel Ramón Lorenzo Falcón 2900, Piso 5°",Flores,CABA,ARS,800000,120000,38.0,1,,,10 años,,18
Av. Rivadavia al 3900 departamento 2 ambientes en Almagro,Avenida Rivadavia 3900,Almagro,CABA,ARS,700000,120000,38.0,1,,,20 años,,18
"DEPARTAMENTO 2 AMBIENTES - FLORES, CAPITAL FEDERAL","Avenida Directorio 3200, Piso 8",Flores,CABA,ARS,560000,296000,47.0,1,,,10 años,,18
Guardia Vieja 3900 semipiso 3 ambientes con balcon dos cuadras del subte B Estación Medrano,Guardia Vieja 3900,Almagro,CABA,ARS,1000000,270000,75.0,2,,,45 años,,18
Departamento 3 ambientes con cochera y Amenities,"Juana Manso 1300, Piso 6°",Puerto Madero,CABA,USD,1600,790000,84.0,2,,,25 años,,18
Alquiler 4 ambientes destino profesional,Coronel Ramón Lorenzo Falcón 2000,Flores,CABA,ARS,980000,98000,60.0,3,,,70 años,,18
Departamento - Flores,Fray Luis Beltrán 200,Flores,CABA,ARS,500000,100000,26.0,,1,,40 años,,18
2 amb en MARIO BRAVO AL 200 -  Piso ALTO 2 Balcones- EXPENSAS INCLUIDAS,"Mario Bravo 200, Piso 9",Almagro,CABA,ARS,890000,,40.0,1,1,,,,18
ALQUILER 3 AMBIENTES EN VILLA CRESPO,"Padilla 300, Piso 4",Villa Crespo,CABA,ARS,890000,180000,,2,1,,40 años,,18
Alquiler departamento 2 ambientes Flores,Avenida Avellaneda 2000,Flores,CABA,ARS,550000,200000,45.0,1,,,45 años,,18
Departamento en alquiler en Boedo,Inclan 4200,Boedo,CABA,ARS,400000,68000,,,1,1,,,18
SEMIP EN AZCUENAGA AL 1200 - 37 M2 IMPECABLE APTO PROFESIONAL BAÑO Y COCINA COMPLETOS,Azcuénaga 1200,Barrio Norte,CABA,ARS,680000,105000,37.0,1,,,40 años,,18
CONTRATO COMERCIAL PISO 6 AMB. 1º PISO POR ESCALERA SOBRE AVENIDA CON PATIO TERRAZA SOLO COMERCIAL,"Avenida Rivadavia 9000, Piso 1",Villa Luro,CABA,ARS,1300000,,184.0,4,1,,,,18
Excelente 2 ambientes Apto Profesional  PARQUE RIVADAVIA,"Yerbal 100, Piso 5",Caballito,CABA,ARS,700000,103500,40.0,1,1,,,,18
Excelente 2 ambientes Apto Profesional  PARQUE RIVADAVIA,"Yerbal 100, Piso 5",Caballito,CABA,ARS,700000,103500,40.0,1,1,,,,19
EXCELENTE MONOAMBIETE TOTALMENTE AMOBLADO,Coronel Ramón Lorenzo Falcón 2300,Flores Sur,Flores,ARS,630000,,38.0,,1,,12 años,,19
"2 ambientes súper luminoso, con amenities. Muy buen estado","Avenida Nazca 2700, Piso 6°",Villa del Parque,CABA,ARS,790000,110000,36.0,1,1,,,,19
"DEPARTAMENTO EN TORRE 40m2 CUB MAS BALCÓN, AMENITIES, SEGURIDAD 24HS, BELGRANO. E-FURIO.",Ciudad De La Paz 1900,Belgrano,CABA,ARS,500000,450000,40.0,,1,,13 años,,19
Departamento Monoambiente en alquiler - zona Universidades,José Antonio Cabrera 3500,Palermo,CABA,USD,500,150000,33.0,1,,,5 años,,19
Departamento en Barrio Norte,Sánchez De Bustamante 2400,Barrio Norte,CABA,ARS,800000,44000,40.0,1,,,50 años,,19
ZONA FACULTADES. Monoambiente divisible de 40 m² con Lavadero y amplio Balcón!,"Pasteur 700, Piso 2",Balvanera,CABA,ARS,650000,90000,40.0,,1,,A Estrenar,,19
Amplio 2 amb  de 54 m2,Viel 400,Caballito,CABA,ARS,700000,160000,54.0,1,,,48 años,,19
Monoambiente en alquiler,"Hortiguera 200, Piso 1",Caballito,CABA,ARS,500000,74270,,,1,1,,,19
Departamento en Caballito,Eleodoro Lobos  al 200,Caballito,CABA,ARS,1400000,360000,80.0,3,,,45 años,,19
Hermoso monoambiente con balcón a pulmón de manzana,"Juan F. Aranguren 1800, Piso 1°",Caballito Norte,Caballito,ARS,600000,170000,31.0,,,1,17 años,,19
TRES AMBIENTES CON PATIO,Avenida Santa Fe 4900,Palermo Hollywood,Palermo,ARS,1200000,200000,70.0,2,,,54 años,,19
Departamento - Alquiler - 2 ambientes - 2 Cocheras - Baulera - Puerto Madero - La Porteña Residences,Martha Salotti 400,Puerto Madero,CABA,USD,4000,,165.0,2,,,8 años,,19
Departamento en alquiler en Flores,"Avenida Juan Bautista Alberdi 2800, Piso 5",Flores,CABA,ARS,500000,110000,,,1,1,,,19
Monoambiente amoblado. Súper luminoso. Excelente zona,Avenida Del Libertador 700,Recoleta,CABA,ARS,650000,180000,28.0,,1,1,,,19
ALQUILER 2 AMBIENTES APTO PROFESIONAL CABALLITO – IDEAL CONSULTORIOS / ESTÉTICA,"Avenida Avellaneda 400, Piso PB",Caballito,CABA,ARS,700000,150000,50.0,1,,,45 años,,19
Departamento alquiler Quartier Oro Cervino 4502 -4 ambientes vista río 2 cocheras amenities,Avenida Cerviño 4500,Palermo,CABA,USD,2900,,130.0,3,,,25 años,,19
DEPARTAMENTO DE 3 AMBIENTES EN MUY BUENA UBICACIÓN.,"Avenida Nazca 3100, Piso 6",Villa del Parque,CABA,ARS,790000,170000,55.0,2,,,40 años,,19
DEPARTAMENTO A PASOS DE Av SANTA FE,"Agüero 1200, Piso 7",Recoleta,CABA,ARS,600000,145000,33.0,1,,,50 años,,19
Impecable dos ambientes con patio - Luminoso-A media cuadra Parque Rivadavia,"Doblas 100, Piso PB",Caballito,CABA,ARS,850000,150000,,1,1,2,,,19
DEPARTAMENTO 2 AMBIENTES EN ALQUILER | EXCELENTE UBICACIÓN EN CABALLITO !,"Avenida La Plata 100, Piso 6",Caballito,CABA,ARS,590000,110000,45.0,1,,,45 años,,20
"Departamento  en Alquiler en Capital Federal, Buenos Aires, Argentina",Reconquista 900,Retiro,CABA,ARS,1300000,240000,,2,1,,A Estrenar,,20
Recoleta 3 ambientes Pacheco de Melo y Sanchez de Bustamante,Sánchez De Bustamante 2300,Recoleta,CABA,ARS,950000,292000,60.0,2,,,70 años,,20
Departamento en Flores,Avenida Gaona 2700,Flores,CABA,ARS,695000,,45.0,1,,,40 años,,20
Alquila depto de 2 ambientes con la mejor ubicacion en Recoleta,Azcuénaga 1000,Recoleta,CABA,ARS,550000,200000,42.0,1,,,50 años,,20
ALQUILER - 2 AMBIENTES - EXCELENTE ESTADO - SEGURO DE FIANZA,"San José De Calasanz 100, Piso 6",Caballito,CABA,ARS,800000,190000,40.0,1,,,,,20
"3 Amb. cocina y lavadero amplio, super luminoso, 1 cuadra de Cabildo y Congreso, Subte linea D.","Ciudad De La Paz 3000, Piso 8",Belgrano,CABA,ARS,1300000,200000,68.0,2,1,,,,20
Alquiler Departamento 2 Ambientes ZONA PLAZA IRLANDA,"Avenida Teniente General Donato Álvarez 800, Piso 5",Flores Norte,Flores,ARS,700000,200000,,1,1,2,,,20
ALMAGRO 2 amb  52 mts fte bcon tza edificio categoria amenities,"Teniente General Juan Domingo Perón 3400, Piso 8",Almagro,CABA,ARS,1200000,220000,40.0,1,,,35 años,,20
4 AMB C/DEP. I DUPLEX EN 9° y 10° PISO I M/LUM. I 2BALCONES,Doctor Tomás Manuel De Anchorena 1700,Recoleta,CABA,ARS,2400000,529550,128.0,4,,,45 años,,20
Espacioso 2 ambientes con doble balcón,"José De Sucre 2800, Piso 11",Belgrano,CABA,ARS,830000,145000,33.0,1,1,,,,20
Bacacay 967,"Bacacay 900, Piso 6",Caballito,CABA,ARS,600000,140000,32.0,,1,,11 años,,20
MONOAMBIENTE EN ALQUILER EN CABALLITO SOBRE CACHIMAYO,"Cachimayo 100, Piso 8",Caballito,CABA,ARS,550000,90000,28.0,,1,1,,,20
ALQUILER 3 AMBIENTES 61M2 CON BALCON,"Ruiz Huidobro 2200, Piso 1°",Núñez,CABA,ARS,1650000,,61.0,2,,,A Estrenar,,20
LUMINOSO AMBIENTE CON BALCÓN TERRAZA EN EXCELENTE UBICACION,"General Enrique Martínez 1200, Piso 7",Belgrano R,Belgrano,ARS,590000,113000,25.0,,1,,,,20
Alquiler 3 Amb Contra Frente en Caballito Excelente Ubicacion,"Guayaquil 100, Piso 2",Caballito,CABA,ARS,800000,250000,,2,1,3,,,20
"DEPTO DE 2AMB. 4º PISO AL FRENTE, de aprox 48Mts, EN MUY BUEN ESTADO Y MUY LUMINOSO","Billinghurst 1300, Piso 4",Palermo,CABA,ARS,800000,200000,44.0,1,,,45 años,,20
MONOAMBIENTE SUPER LUMINOSO CON BALCON PARRILLA PILETA,Don Bosco 3800,Almagro,CABA,ARS,650000,150000,31.0,,1,,15 años,,20
"OPORTUNIDAD: MONO a estrenar, calidad, vista, súper luminoso.","Vidal 1900, Piso 8",Belgrano,CABA,USD,550,130000,31.0,,1,,A Estrenar,,20
"Azcuenaga al 0| Balvanera | Depto. 2 amb, amplio y luminoso! A metros de Av. Rivadavia | Alquiler",Azcuénaga 100,Balvanera,CABA,ARS,500000,243000,38.0,1,,,45 años,,20
Dueño Alquila Excelente Departamento 2 amb en Belgrano,"Amenábar 2000, Piso 8",Belgrano C,Belgrano,ARS,700000,150000,37.0,1,,,30 años,,21
Departamento en Alquiler - 2 Amb - Muy Luminoso - Disponible a partir de Julio,Avenida Santa Fe 5000,Palermo Hollywood,Palermo,ARS,660000,130000,29.0,1,,,45 años,,21
"2 ambientes con sol pleno, balcón y amenities","Mexico 800, Piso 3",Monserrat,CABA,ARS,950000,180000,50.0,1,,,7 años,,21
3 Ambientes c/ Dep. al Frente c/ Balcon,Moreno 1600,Balvanera,CABA,ARS,850000,250000,67.0,2,,,70 años,,21
Departamento en Monserrat,Moreno 1700,Monserrat,CABA,ARS,500000,80000,25.0,,1,,50 años,,21
Dto 3 amb con lavadero separado  -excelente estado- muy luminoso-  EXCELENTE UBICACION,Rio De Janeiro 200,Caballito,CABA,ARS,900000,200000,56.0,2,,,40 años,,21
Departamento en Saavedra,Conesa 4500,Saavedra,CABA,ARS,600000,200000,38.0,,1,,A Estrenar,,21
Departamento en alquiler en Villa del Parque,Nazarre 2800,Villa del Parque,CABA,ARS,1200000,210000,74.0,1,,,,,21
Depto 2 Amb alquiler en Saavedra dueño,"Mariano Acha 4400, Piso 2",Saavedra,CABA,ARS,590000,140000,42.0,1,1,,,,21
DUEÑO ALQUILA  PISO AL FRENTEA EXTRENAR  SIN EXPENSAS,"Fraga 1800, Piso 2",Villa Ortuzar,CABA,ARS,1150000,,,1,1,,A Estrenar,,21
Hermoso 2 ambientes en Alquiler - Muy luminoso - Villa Urquiza,"Galvan 3000, Piso 3",Villa Urquiza,CABA,ARS,900000,170000,42.0,1,,,8 años,,21
1 ambiente con Balcón | Villa Urquiza DOHO | Donado 2652,Donado 2600,Villa Urquiza,CABA,ARS,750000,103000,34.0,,1,,A Estrenar,,21
2amb frente balcon,"Talavera 5800, Piso 3",Villa Urquiza,CABA,ARS,750000,154000,40.0,1,,,16 años,,21
Departamento 3 ambientes en alquiler en Villa Urquiza,"Ceretti 2600, Piso 4",Villa Urquiza,CABA,ARS,1500000,200000,68.0,2,,,,,21
Alquiler 2 ambientes Belgrano Colegiales,Vidal 1500,Belgrano,CABA,ARS,800000,125000,45.0,1,,,,,21
Semipiso 3 amb contrafrente con balcon,"Senillosa 900, Piso 4°",Caballito,CABA,ARS,1400000,,60.0,2,,,20 años,,21
Excelente dos ambientes al frente con balcon terraza - Super luminoso y amplio,"Colpayo 100, Piso 8",Primera Junta,Caballito,ARS,900000,263000,,,,,,,21
2 AMBIENTES MUY LUMINOSO RECIEN PINTADO 2 CUADRAS CABILDO SUBTE,Amenábar 2200,Belgrano,CABA,ARS,630000,,,1,1,2,,,21
VIGILANCIA - 2 BAÑOS - BALCON - COCINA con COMEDOR DIARIO,"Moreno 800, Piso 3",Monserrat,CABA,ARS,1200000,360000,80.0,3,2,,,,21
Departamento de 4 Ambientes en Almagro,"Potosi 4400, Piso 7",Almagro Norte,Almagro,ARS,1480000,260000,67.0,3,,,,,21
ECUADOR Y AV. PUEYRREDON - CONTRAFRENTE IMPECABLE V/ABIERTA TODO SOL,ECUADOR Y AV. PUEYRREDON 7°,Balvanera,CABA,ARS,800000,150000,45.0,2,,,40 años,,22
MONOAMBIENTE ESPACIOSO CONTRATO POR 2 AÑOS,"Doctor Pedro Ignacio Rivera 4900, Piso 2",Villa Urquiza,CABA,ARS,650000,130000,33.0,,1,1,,,22
"COQUETO DOS AMB, TODO LUZ, EN EL CORAZÓN DE PALERMO SOHO","Julián Álvarez 1800, Piso 3",Palermo,CABA,ARS,700000,130000,40.0,1,,,40 años,,22
Alquiler 3 amb. al frente con cochera (opcional),"Vidal 2200, Piso 2",Belgrano,CABA,ARS,1300000,282000,72.0,2,,,60 años,,22
Semipiso de 4 Amb con 3 Dorm. en Alquiler en Belgrano C,"José De Sucre 2300, Piso 7",Belgrano C,Belgrano,ARS,2500000,400000,110.0,3,,,50 años,,22
Excelente 2 amb lateral impecable estado,"ENRIQUE LINCH ARRIBALZAGA 4400, Piso 5",Floresta,CABA,ARS,550000,75000,35.0,1,1,,,,22
Departamento de 4 Ambientes en Almagro,"Potosi 4400, Piso 7",Almagro Norte,Almagro,ARS,1480000,260000,67.0,3,,,,,22
Federico García Lorca Departamento 2 ambientes en alquiler en Caballito,Federico García Lorca 100,Caballito,CABA,ARS,700000,180000,51.0,1,,,30 años,,22
AMBIENTE.APTO PROF. BAJAS EXPENSAS. BALCÓN CON LAVADERO.LUMINOSO.BAJAS EXPENSAS.,"Franklin Delano Roosevelt 2300, Piso 5",Belgrano,CABA,ARS,600000,100000,29.0,,1,1,,,22
Alquiler Monoambiente Villa Crespo Luminoso Pileta Balcon,Coronel Apolinario Figueroa 100,Villa Crespo,CABA,ARS,780000,140000,39.0,,,1,,,22
Lujoso departamento en puerto madero Torre El Faro,Avenida Eduardo Madero 1200,Puerto Madero,CABA,USD,5500,3400000,230.0,2,4,,,,22
2 Ambientes muy buen estado!,Virrey Arredondo 2400,Belgrano,CABA,ARS,650000,195000,36.0,1,1,,,,22
C/DEP EN PUEYRREDON Y CORDOBA - T/AL FRENTE EN ESQUINA BALCON VISTA PANOR TODO SOL,AV. PUEYRREDON Y AV. CORDOBA 9°,Barrio Norte,CABA,ARS,900000,278000,76.0,2,,,40 años,,22
2 ambientes | Alquiler Belgrano | Piso alto con cochera,Arce 500,Las Cañitas,Palermo,ARS,1300000,310000,49.0,1,,,25 años,,22
MONO COCINA SEPARADA  BALCON  EN ALQUILER  SI ESTA PUBLICADO ESTA VIGENTE,"Coronel Ramón Lorenzo Falcón 4000, Piso 1",Floresta,CABA,ARS,550000,95000,31.0,,1,,40 años,,22
"Departamento 2 ambientes, Palermo",Jorge Luis Borges 2300,Palermo,CABA,ARS,750000,143000,35.0,1,,,20 años,,22
MONOAMBIENTE CONTRAFRENTE MUY LUNINOSO,"Bogotá 2300, Piso 1",Flores Norte,Flores,ARS,530000,,30.0,,1,,50 años,,22
Departamento 3 amb por escalera alquiler en Caballito,Isidoro Demaría 900,Caballito,CABA,ARS,850000,,49.0,2,,,30 años,,22
Excelente alquiler departamento 2AMBIENTES en pleno Palermo. Impecable.,"Jorge Luis Borges 2400, Piso 2",Botánico,Palermo,ARS,800000,157000,51.0,1,,,45 años,,22
ALQUILER DEPARTAMENTO 2 AMBIENTES EN CAÑITAS AMPLIO CON PISCINA,"Jose Ortega Y Gasset 1800, Piso 5",Las Cañitas,Palermo,ARS,860000,425000,70.0,1,,,15 años,,22
ALQUILER DEPARTAMENTO 2 AMBIENTES EN CAÑITAS AMPLIO CON PISCINA,"Jose Ortega Y Gasset 1800, Piso 5",Las Cañitas,Palermo,ARS,860000,425000,70.0,1,,,15 años,,23
"Diaz Velez al 3700 - Depto 3 amb. en alquiler, Barrio de Almagro - Excelente estado!",Avenida Díaz Vélez 3700,Almagro,CABA,ARS,1000000,155000,68.0,2,,,60 años,,23
"Alquiler departamento 2 ambientes en Palermo amoblado, con amenities y cochera",Ciudad De La Paz 100,Palermo,CABA,ARS,1000000,300000,45.0,1,,,6 años,,23
Monoambiente divisible,Moreno 3600,Almagro,CABA,ARS,450000,90000,30.0,,,1,40 años,,23
Monoambiente al frente con balcón -  luminoso - 4 Cuadras facultada de Veterinaria - A Profesional,"Ricardo Gutiérrez 2600, Piso 2",Villa del Parque,CABA,ARS,550000,80000,32.0,,,,4 años,,23
¡Imperdible! 3 Ambientes con Balcón Aterrazado en Alquiler,"Roque Pérez 2500, Piso 8",Coghlan,CABA,ARS,1500000,220000,47.0,2,,,2 años,,23
ARTIGAS AL 2900 - 10 AÑOS FRENTE 32 M2 BALCON,General José Gervasio Artigas 2900,Villa del Parque,CABA,ARS,580000,125000,30.0,1,,,10 años,,23
SUIPACHA Y AV. CORDOBA - 35 M2 IMPECABLE APTO PROFESIONAL,SUIPACHA Y AV. CORDOBA 4°,Barrio Norte,CABA,ARS,400000,190000,35.0,,1,,40 años,,23
"Departamento en alquiler amoblado TODO INLCUIDO EN EL VALOR PUBLICADO -internet , abl , , Aysa, wifi ,Netflix , gas y luz , excepto expensas  .","Andonaegui 1200, Piso PB",Parque Chas,CABA,USD,700,195000,,1,1,,,,23
DEPARTAMENTO 4 AMB FRENTE LIVING COM COC COM Y LAV BAÑO COCH,Miranda 4400,Monte Castro,CABA,ARS,1200000,260000,100.0,3,,,50 años,,23
4 ambientes reciclado a nuevo | Alquiler Belgrano |,3 De Febrero 2100,Belgrano Barrancas,Belgrano,ARS,1850000,392000,92.0,3,,,50 años,,23
MONOAMBIENTE - 39 M2 - FTE C/BALCON  -  APTO PROF - CON GUARDA MOTO o BICI - LUNDRY -SUM-TZA,"Paez 2100, Piso 2",Flores Norte,Flores,ARS,650000,110000,36.0,,1,,4 años,,23
Departamento- 2 ambientes,Villarroel 1000,Villa Crespo,CABA,ARS,1000000,,51.0,1,,,A Estrenar,,23
ALQUILER DE DOS AMBIENTES CON COCHERA CUBIERTA A PASOS DE AV. CRAMER Y EL CANO,"Virrey Del Pino 2800, Piso 1",Belgrano R,Belgrano,ARS,1200000,250000,43.0,1,,,6 años,,23
Excelente monoambiente con balcón.-,Avenida Directorio 3300,Flores Norte,Flores,ARS,590000,89000,28.0,1,1,,,,23
Excelente 2 amb con balcón frente a Plaza Irlanda.-,Avenida Teniente General Donato Álvarez 900,Flores Norte,Flores,ARS,690000,202000,48.0,1,1,,,,23
"Luminoso monoambiente en alquiler con balcón , ubicado en pleno Palermo Soho.",Paraguay 4800,Palermo Soho,Palermo,ARS,750000,270000,34.0,,1,,12 años,,23
1 AMB  CON COCHERA SUPER LUMINOSO,"Holmberg 2400, Piso 1",Coghlan,CABA,ARS,700000,175000,32.0,,1,,10 años,,23
2 amb con balcón. Amplio y luminoso. A mts de Avda Cabildo.,"Juana Azurduy 2300, Piso 3°",Núñez,CABA,ARS,750000,138100,40.0,1,1,,,,23
URIARTE Y AV. SANTA FE - FRENTE 30 M2 TODO SOL,Uriarte 2400,Palermo,CABA,ARS,500000,179500,30.0,1,,,40 años,,23
2 amb con balcón. Amplio y luminoso. A mts de Avda Cabildo.,"Juana Azurduy 2300, Piso 3°",Núñez,CABA,ARS,750000,138100,40.0,1,1,,,,24
URIARTE Y AV. SANTA FE - FRENTE 30 M2 TODO SOL,Uriarte 2400,Palermo,CABA,ARS,500000,179500,30.0,1,,,40 años,,24
SEMIPISO EN CABRERA AL 2900 - COCHERA FRENTE BALCON TODO SOL TODO EXTERNO,José Antonio Cabrera 2900,Barrio Norte,CABA,ARS,1000000,250000,65.0,2,,,40 años,,24
ALQUILER DE DEPTO 3 AMB COHGLAN,"Avenida Melián 2500, Piso 13",Coghlan,CABA,ARS,1100000,520000,60.0,2,1,,,,24
Departamento en alquiler en Coghlan,"Franklin Delano Roosevelt 3600, Piso PB",Coghlan,CABA,ARS,450000,,,,,,,,24
"HERMOSO 2 AMB MONTE CASTRO,  LUMINOSO IMPECABLE, PRECIO EN PAQUETE INCLUYE EXPENSAS- ABL Y AYSA","Miranda 4600, Piso 9",Monte Castro,CABA,ARS,700000,,36.0,1,,,,,24
"Av. PUEYRREDON 2100, 3 AMB , MUY  LUIMINOSO , PISO 5.","Avenida Pueyrredón 2100, Piso 5°",Recoleta,CABA,ARS,1600000,320000,59.0,2,,,25 años,,24
Departamento en alquiler en Villa Crespo,"Avenida Corrientes 5900, Piso 1",Villa Crespo,CABA,ARS,1300000,400000,90.0,3,,,,,24
HERMOSO DEPARTAMENTO DE DOS AMBIENTES AL FRENTE. TODO LUZ.,"Superí 2100, Piso 1",Belgrano R,Belgrano,ARS,750000,180000,45.0,1,,,50 años,,24
Alquiler Dueño Directo – Monoambiente Premium en Saavedra,"Nuñez 3300, Piso 1",Saavedra,CABA,ARS,700000,280000,35.16,,,,2 años,,24
ALQUILER 3 AMBIENTES PALERMO,Uriarte 2100,Palermo,CABA,ARS,1400000,181000,60.0,2,,,30 años,,24
Guemes 3300 DIVISIBLE  edificio con piscina,"General Güemes 3300, Piso 1°",Palermo,CABA,ARS,580000,150000,31.0,,1,1,,,24
DOS AMB AL FRENTE AMPLIO,"Paraguay 3900, Piso 1",Palermo,CABA,ARS,650000,180000,42.0,1,,,45 años,,24
"Frente, todo luz y sol , 51m2 2 baños","Sarandí 400, Piso 3",Congreso,CABA,ARS,650000,195000,51.0,1,,,55 años,,24
3 amb muy luminoso piso 10 al frente,Constitucion 1900,San Cristóbal,CABA,ARS,750000,200000,65.0,2,1,,,,24
DOS AMBIENTES - Juan B Justo y Santa Fe,"Avenida Santa Fe 4800, Piso 12",Palermo,CABA,ARS,750000,85000,40.0,1,,,40 años,,24
ALQUILER – DEPARTAMENTO 2 AMBIENTES EN DEVOTO,"Quevedo 3200, Piso 3",Barrio San Pedro,Villa Devoto,ARS,850000,86000,36.0,1,,,,,24
"MONOAMB TODO LUZ NATURAL, HERMOSO BALCÓN, A MTS SUBTE ""B""","Behring 2500, Piso 3",Villa Urquiza,CABA,ARS,600000,120000,30.0,,1,,9 años,,24
Amplio 3 Ambientes en Alquiler / Congreso,"Avenida Rivadavia 2000, Piso 12",Congreso,CABA,ARS,850000,214000,60.0,2,1,,,,24
Departamento  monoambiente en Villa Devoto,"Av. Francisco Beiro 4200, Piso 2",Barrio San Pedro,Villa Devoto,ARS,650000,200000,30.0,,1,,14 años,,24
Departamento  monoambiente en Villa Devoto,"Av. Francisco Beiro 4200, Piso 2",Barrio San Pedro,Villa Devoto,ARS,650000,200000,30.0,,1,,14 años,,25
Departamento en Almagro,Hipolito Irigoyen al 3400,Almagro,CABA,ARS,900000,200000,60.0,2,,,50 años,,25
ALQUILER 2 AMB DEPTO PLANTA BAJA!,Avenida Corrientes 1600,San Nicolás,CABA,ARS,500000,110000,23.0,,1,,45 años,,25
"Alquiler Piso, 3 ambientes",T. Vilardebó 2100,Villa del Parque,CABA,ARS,1300000,310000,58.0,2,2,,,,25
DEPARTAMENTO 2 AMBIENTES EN PALERMO,"Aráoz 2400, Piso 4",Botánico,Palermo,ARS,750000,120000,34.0,1,,,35 años,,25
EXCELENTE DEPARTAMENTO DE 4 AMBIENTES,"Rodríguez Peña 800, Piso 9",San Nicolás,CABA,ARS,1750000,298900,,3,2,,67 años,,25
2 ambientes muy luminosos en el corazón de Palermo Soho,"Malabia 1600, Piso 6",Palermo Soho,Palermo,ARS,590000,185000,40.0,1,,,40 años,,25
Departamento 3 Ambientes Alquiler en Villa Urquiza,"La Pampa 5000, Piso 8°",Villa Urquiza,CABA,ARS,1550000,250000,60.0,2,2,,,,25
ALQUILER SEMIPISO 3 AMBIENTES COCHERA CUBIERTA VILLA URQUIZA,"Bauness 1900, Piso 6°",Villa Urquiza,CABA,ARS,1650000,325000,65.0,2,2,,,,25
ALQUILER SEMIPISO 4 AMBIENTES A ESTRENAR CON BALCÓN Y PATIO,Avenida General Mosconi 3600,Villa Devoto,CABA,ARS,2600000,,94.0,3,,,A Estrenar,,25
"1 ½ ambiente, contra frente, balcon, apto profesional. ACEPTA MASCOTA",Ayacucho 200,Congreso,CABA,ARS,520000,248000,,,1,1,20 años,,25
2 ambientes amoblado - Palermo - Alquiler,Lafinur 2900,Palermo Chico,Palermo,ARS,850000,160000,30.0,1,,,45 años,,25
"Excelente 2 Ambientes con Patio y Cochera, Todo a Nuevo, en Caballito","Paysandú 500, Piso 1",Caballito Norte,Caballito,ARS,1200000,135000,45.0,1,,,5 años,,25
2 ambientes luminoso - Palermo - Alquiler,"Ugarteche 3100, Piso 7°",Palermo Chico,Palermo,ARS,750000,98000,30.0,1,,,45 años,,25
DEPARTAMENTO EN ALQUILER DORREGO 2245 MUY BUENA UBICACIÓN,Dorrego 2200,Palermo,CABA,ARS,1000000,150000,50.0,,1,1,,,25
Impecable departamento dos ambientes - Superluminoso con gran balcón - Caballito,Avenida Teniente General Donato Álvarez 100,Caballito Sur,Caballito,ARS,700000,125000,,1,1,,20 años,,25
Ambiente con cocina  americana a gas   balcón cfte   piscina vigil  laundry parrilla/ plaza  en edificio,"Dorrego 2400, Piso 3",Belgrano,CABA,ARS,540000,176000,,,1,1,5 años,,25
Departamento de dos ambientes en alquiler,"Avenida Nazca 3000, Piso 4",Villa del Parque,CABA,ARS,790000,160000,40.0,1,,,,,25
AV. RIVADAVIA Y AV. JUJUY - FRENTE BALCON ESPECTACULAR VISTA PANORAMICA TODO SOL APTO PROF,Avenida Rivadavia 2700,Balvanera,CABA,ARS,460000,,24.0,,1,,40 años,,25
FRAGATA SARMIENTO Y AV. GAONA - 57 M2 FRENTE BALCON VISTA PANORAMICA TODO SOL COCINA COMEDOR,Sarmiento 1100,Caballito,CABA,ARS,800000,285000,48.0,2,,,50 años,,25
EXCELENTE DEPARTAMENTO TIPO DUPLEX CON COCHERA EDIFICIO CEDROS BAJOS,"Avenida Boyacá 1800, Piso 5",Villa General Mitre,CABA,ARS,1950000,593000,90.0,2,,,10 años,,26
Monoambiente contrafrente vista abierta -  amplio placar - Luz y Sol,"Avenida General Mosconi 2400, Piso 6",Villa Pueyrredón,CABA,ARS,610000,140000,32.0,,1,,10 años,,26
Dueño Directo Excelente Depto de 2 amb c on dos patios muy bueno,"Lascano 2800, Piso PB",Villa del Parque,CABA,ARS,850000,140000,41.0,1,,,60 años,,26
JUNIN AL 600 - FRENTE TODO A NUEVO TODO SOL BAÑO Y COCINA COMPLETOS,Junín 600,Balvanera,CABA,ARS,450000,117000,24.0,,1,,40 años,,26
MONOAMBIENTE CONTRATO POR 2 AÑOS,Blanco Encalada 5200,Villa Urquiza,CABA,ARS,520000,95000,26.0,,1,,40 años,,26
ALQUILER AMPLIO MONOAMBIENTE APAISADO FRENTE BALCÓN,"Capdevila 2800, Piso 9°",Villa Urquiza,CABA,ARS,700000,155000,33.0,,1,1,,,26
DEPARTAMENTO 3 AMBIENTES A LA CALLE,"Helguera 4700, Piso 2",Villa Pueyrredón,CABA,ARS,1200000,270000,56.0,2,,,20 años,,26
Departamento en Monserrat,Avenida De Mayo 1200,Monserrat,CABA,USD,700,,39.0,1,,,A Estrenar,,26
"Departamento - Alquiler - Argentina, Capital Federal - Uruguay 390","Uruguay 300, Piso 13",San Nicolás,CABA,USD,600,300000,45.0,2,,,60 años,,26
AV. RIVADAVIA AL 2500 - FRENTE IMPECABLE VISTA ABIERTA TODO SOL APTO PROFESIONAL,Avenida Rivadavia 2500,Balvanera,CABA,ARS,490000,217000,39.0,1,,,40 años,,26
Depto Mono Ambiente c/balcon,"Avenida San Martín 7100, Piso 6°",Villa Devoto,CABA,ARS,570000,160000,30.0,,1,1,,,26
SEMIP EN AV. CORDOBA AL 2300 - TODO A NUEVO BALCON VISTA PANORAMICA TODO SOL,Avenida Córdoba 2300,Barrio Norte,CABA,ARS,950000,122400,48.0,2,,,40 años,,26
SUIPACHA Y AV. CORDOBA - 47 M2 TODO A NUEVO VISTA ABIERTA TODO SOL TODO EXTERNO APTO PROFESIONAL,SUIPACHA Y AV. CORDOBA 14°,Barrio Norte,CABA,ARS,600000,270000,45.0,1,,,40 años,,26
2 Ambientes Amplioso c/Balcon al frente y Amenities,Soler 4300,Palermo Soho,Palermo,ARS,1000000,190000,47.0,1,,,18 años,,26
Impecable 2 ambientes a estrenar en Recoleta,Jean Jaures 1100,Recoleta,CABA,ARS,750000,155000,35.0,1,,,50 años,,26
SEMIPISO 2amb CON COCHERA,Coronel Ramón Lorenzo Falcón 5900,Villa Luro,CABA,ARS,1350000,90000,40.0,1,,,10 años,,26
Alsina al 2500 - Alquiler de departamento 3 ambientes en el barrio de Balvanera!,Adolfo Alsina 2500,Balvanera,CABA,ARS,800000,120000,,2,1,,45 años,,26
Mono Ambiente Super Luminoso y Comodo 3er Piso,"Avenida San Martín 2300, Piso 3",Paternal,CABA,ARS,680000,122690,30.0,1,,,3 años,,26
"HERMOSO 2 AMBIENTES CON COCHERA CUBIERTA FIJA, EN EDIFICIO DE CATEGORIA CON FULL AMENITIES.","Avenida San Martín 2900, Piso 7",Paternal,CABA,ARS,1100000,290000,40.0,1,,,2 años,,26
Departamento en alquiler en Villa Luro,Irigoyen 700,Villa Luro,CABA,ARS,850000,230000,54.0,2,,,40 años,,26
Luminoso monoambiente con balcon al contrafrente,"Avenida San Martín 2300, Piso 7",Paternal,CABA,ARS,650000,153062,27.0,1,,,3 años,,27
3 AMB FTE C/BALCON + DEP - MUY AMPLIO Y LUMINOSO,"Julián Álvarez 2500, Piso 2",Palermo,CABA,ARS,1200000,570000,90.0,2,,,45 años,,27
MONOAMBIENTE AL FTE EN L,"Jerónimo Salguero 1900, Piso 2",Palermo,CABA,ARS,550000,160000,,,,,45 años,,27
2 AMBIENTES AMPLIOS/ BALCON/ AMENITIES/,"Thames 600, Piso 9°",Villa Crespo,CABA,USD,600,310000,54.0,1,,,5 años,,27
Departamento en alquiler en Villa General Mitre,"Alejandro Magariños Cervantes 1800, Piso 11",Villa General Mitre,CABA,ARS,900000,160000,,2,1,,20 años,,27
Departamento 2 AMBIENTES AMOBLADO,Ayacucho 700,Barrio Norte,CABA,ARS,1000000,150000,66.0,1,,,60 años,,27
SEMIPISO 3 AMB,Gurruchaga 2800,Palermo,CABA,ARS,850000,210000,,,,3,,,27
Villa Urquiza sobre Baunes 2026 monoambiente con balcón contra frente cocina integrada excelente ubicación.,Bauness 2000,Urquiza R,Villa Urquiza,ARS,580000,120000,30.0,,1,,10 años,,27
Palermo Soler 6023 y Arévalo semi piso 2 ambientes contra frente balcón cocina separada baño completo . Excelente ubicación.,Soler 6000,Palermo Soho,Palermo,ARS,850000,160000,46.0,1,,,,,27
DUEÑO ALQUILA - EXCELENTE ZONA,"Billinghurst 400, Piso 4",Almagro,CABA,ARS,550000,150000,31.0,1,1,,,,27
FACULTAD DE MEDICINA - IDEAL ESTUDIANTES -2 dorm - Baño completo -  Toilette - Living comedor - Cocina nueva - Lavadero indep - Balcón - Frente -  SOL - RECIEN PINTADO -,"Avenida Córdoba 2200, Piso 3",Barrio Norte,CABA,ARS,980000,370000,63.0,2,,,38 años,,27
"Alquiler 2 amb. de 34 m2 Interno. Cocina integrada al living,  en segundo  piso, buen estado.","Beruti 4400, Piso 2",Palermo,CABA,ARS,590000,200000,,1,1,,45 años,,27
"EXCELENTE MONOAMBIENTE, RETASADO  ,35 METROS, MUY LUMINOSO, VISTA PANORÁMICA EN BELGRANO",Avenida Doctor Ricardo Balbín 2600,Belgrano,CABA,ARS,600000,,33.0,,1,1,,,27
Excelente! Super Luminoso - Divisible,"Avenida Córdoba 3500, Piso 11",Barrio Norte,CABA,ARS,620000,210000,50.0,,1,1,,,27
AMPLIO PISO - APTO PROFESIONAL EN EXCELENTE ZONA,French 2700,Recoleta,CABA,ARS,1800000,107000,125.0,4,,,,,27
PATERNAL: AV. SAN MARTIN AL 3100 -MONOAMBIENTE EN PLANTA BAJA - PATIO- A/PROF. EXPENSAS BAJAS - IMPECABLE- $ 500000.- SATE PROPIEDADES CEL,"Avenida San Martín 3100, Piso P.B",Paternal,CABA,ARS,500000,93000,,,1,1,40 años,,27
Caballito Alquiler 3 ambientes,Avenida Juan Bautista Alberdi 200,Caballito,CABA,ARS,950000,98700,,2,1,3,,,27
ALQUILER DE DEPARTAMENTO - BACACAY AL 2100,Bacacay 2100,Flores,CABA,ARS,650000,,,,,,,,27
ALQUILER de 4 ambientes con balcón,Avenida Juan Bautista Justo 2900,Villa Crespo,CABA,ARS,1000000,200000,,3,1,4,,,27
2 ambientes lateral,"Valle 500, Piso 3",Parque Rivadavia,Caballito,ARS,650000,170000,,1,1,,40 años,,27
ALQUILER de 2 ambientes con balcón,Díaz Colodrero 2800,Villa Urquiza,CABA,ARS,800000,200000,,1,1,,15 años,,28
MONOAMBIENTE - APTO PROFESIONAL - EXCELENTE UBICACION,Franklin Delano Roosevelt 2300,Belgrano,CABA,Consultar,,,,,1,1,,,28
Luminoso Contrafrente,"Sánchez De Bustamante 2300, Piso 7",Barrio Norte,CABA,ARS,900000,220000,,1,1,2,,,28
DUEÑO DIRECTO,"Avenida Santa Fe 3600, Piso 19",Palermo,CABA,ARS,1200000,240000,53.0,1,1,,,,28
Piso 12 vista panorámica,"Emilio Mitre 200, Piso 12",Parque Rivadavia,Caballito,ARS,1700000,340000,,3,1,,40 años,,28
V.CRESPO monoambiente divisible. Malabia 737.,Malabia 700,Villa Crespo,CABA,ARS,600000,,,,,,,,28
Villa Pueyrredón Nazca 4600 2 ambientes cocina separada lavadero independiente baño completo 2 placares impecable estado muy luminoso a 1 cuadra de Av Mosconi,"Avenida Nazca 4600, Piso 7",Villa Pueyrredón,CABA,ARS,620000,130000,,1,1,,40 años,,28
Villa Urquiza Altolaguirre 1900 y Echeverría monoambiente tipo casa primer piso por escalera totalmente reciclado con patio a electricidad. A 5 cuadras de estación Echeverría subte línea B,"Altolaguirre 1900, Piso 1",Villa Urquiza,CABA,ARS,550000,,22.0,,1,1,,,28
Caballito sobre Boyaca al  300. Excelente monoambiente dividido amplio impecable estado con balcón contrafrente. aire acondicionado cocina integrada completa con Spar baño completo balcón con deck. Imperdible,Avenida Boyacá 300,Caballito,CABA,ARS,640000,150000,,,1,1,5 años,,28
SUPER AMPLIO Y LUMINOSO,"Coronel Niceto Vega 5900, Piso 2",Palermo,CABA,ARS,650000,177000,,,1,1,,,28
DUEÑO - Monoambiente AMOBLADO - Apto Profesional,"Agüero 1600, Piso 2",Barrio Norte,CABA,ARS,500000,98000,,,1,1,,,28
ALMAGRO  3 AMBIENTES  PH AL FRENTE CON ENTRADA INDEPENDIENTE y PATIO,"Mexico 3300, Piso P.B",Almagro,CABA,ARS,1500000,,,3,1,,70 años,,28
IMPECABLE! 2 DORMITORIOS Y ESCRITORIO,"Blanco Encalada 2300, Piso 16",Belgrano,CABA,ARS,1450000,414000,83.0,2,,,35 años,,28
"A la calle, muy luminoso","Avenida Nazca 100, Piso 5",Flores,CABA,ARS,600000,130000,33.0,1,,,40 años,,28
Excelente 4 ambientes apto profesioanal. Reciclado,Nuñez 2300,Núñez,CABA,ARS,1400000,250000,100.0,3,,,20 años,,28
3 Ambientes Al Frente I M/Lum. I A/Prof I Exc Ubic I Impec.,Venezuela 4200,Almagro,CABA,ARS,1500000,,51.0,2,,,60 años,,28
Alquiler departamento de 3 ambientes amoblado en Palermo,Beruti 4600,Palermo,CABA,USD,3800,,92.0,2,,,A Estrenar,,28
ALQUILER Departamento 2 ambientes Villa Urquiza,"Arismendi 2600, Piso 4",Villa Urquiza,CABA,ARS,995000,100000,38.0,1,,,A Estrenar,,28
DEPTO 2 AMB AL FRENTE CON BALCON Y PATIO.,"Pedernera 400, Piso 1",Flores,CABA,ARS,850000,95000,42.0,1,,,30 años,,28
3 amb con dependencia muy luminoso,"Vuelta De Obligado 2800, Piso 5°",Belgrano,CABA,ARS,950000,205000,60.0,2,,,40 años,,28
"Excelente 2 Ambientes Amueblado con Patio y Cochera, Todo a Nuevo, en Caballito","Paysandú 500, Piso 1",Caballito Norte,Caballito,ARS,1080000,120000,32.0,1,,,5 años,,29
PEÑA AL 2800_RECOLETA_ALQUILER 1 AMBIENTE CON BALCON_CTRAFTE_30M2_APTO PROF,Pena 2800,Recoleta,CABA,ARS,550000,240000,28.0,,1,,28 años,,29
Monomabiente con vista al Parque Chacabuco,Zuviría 1000,Parque Chacabuco,CABA,ARS,540000,120000,18.0,,1,,45 años,,29
ALQUILER EN VILLA CRESPO MONOAMBIENTE DIVIDIDO,"Serrano 500, Piso 4",Villa Crespo,CABA,ARS,660000,231000,,,1,1,14 años,,29
"3 Ambientes con Balcón, Piso Alto, Vista Panorámica, Mucha Luz, Bajas Expensas","Francisco Acuña De Figueroa 700, Piso 12",Almagro Norte,Almagro,ARS,950000,130000,53.0,2,,,50 años,,29
"DEPARTAMENTO 1 AMBIENTE - PALERMO NUEVO, CAPITAL FEDERAL","John F Kennedy ( Ex Darregueyra) 2800, Piso 7",Palermo Nuevo,Palermo,ARS,1150000,245000,40.0,,1,,10 años,,29
Dos ambientes CON BALCON Y COCHERA - MANSILLA 2800,General Lucio Norberto Mansilla 2800,Barrio Norte,CABA,ARS,700000,240000,,1,1,2,,,29
ALQUILER MONOAMBIENTE CON BALCON Y AMENITIES,"Avenida Olazábal 5400, Piso 6°",Villa Urquiza,CABA,ARS,550000,205000,30.0,,1,,15 años,,29
Alquilo depatamento 1 amb sobre Av Juan B Alberdi piso 10,Avenida Juan Bautista Alberdi 2400,Flores Norte,Flores,ARS,490000,65000,27.0,,1,,45 años,,29
Dueño directo alquila depto 2 amb Venezuela 2500,Venezuela 2500,Balvanera,CABA,ARS,650000,198000,30.0,1,1,,,,29
Depto 3 amb - BAJAS EXPENSAS (1er piso x escalera) RECIEN PINTADO - Floresta Norte,Yerbal 4700,Floresta Norte,Floresta,ARS,750000,75000,44.0,2,,,45 años,,29
DEPARTAMENTO DE 2 AMBIENTES,Viamonte 2700,Balvanera,CABA,ARS,550000,105000,35.0,1,1,,,,29
"Departamento en alquiler 3 amb /dep, CON O SIN MUEBLES","Arenales 3400, Piso 4°",Barrio Norte,CABA,ARS,1800000,244300,65.0,3,,,50 años,,29
DOS  AMBIENTES C / balcon aterrazado - Con cochera!,"Martínez Castro 200, Piso 1",Floresta,CABA,ARS,930000,130000,43.3,1,,,2 años,,29
RECICLADO A NUEVO | MONOAMBIENTE EN L | 30 m² | VISTA ABIERTA | VILLA CRESPO,Avenida Corrientes 4900,Villa Crespo,CABA,ARS,600000,115000,30.0,,1,,40 años,,29
Excelente 2 Amb con Amenities,"Thames 600, Piso 3°",Palermo,CABA,USD,600,388000,49.0,1,,,5 años,,29
Departamento 2 amb por Caballito,"Franklin 900, Piso 3°",Caballito,CABA,ARS,600000,230400,43.0,1,1,,,,29
DOS AMBIENTES EXCELENTE UBICACION,"Laprida 1100, Piso 7",Recoleta,CABA,ARS,570000,120000,28.0,1,,,,,29
DUEÑO ALQUILA  DEPTO 4 AMBIENTES FRENTE EN MONSERRAT-CONGRESO-TRIBUNALES,"Montevideo 300, Piso 1",Monserrat,CABA,ARS,900000,300000,,3,1,,45 años,,29
AV. ENTR RIOS AL 1300 - IMPECABLE BALCON FRENTE TODO SOL,Avenida Entre Ríos 1300,San Cristóbal,CABA,ARS,515000,154859,35.0,,1,,17 años,,29
"EXCELENTE MONOAMIENTE CON BALCÓN, MUY LUMINOSO,  IMPECABLE!","San Nicolás 2000, Piso 2",Monte Castro,CABA,ARS,480000,170000,30.0,,1,,10 años,,30
3 amplios ambientes frente con  balcon,"Santo Tomé 5300, Piso 3",Monte Castro,CABA,ARS,670000,140000,55.0,2,,,35 años,,30
DEPARTAMENTO 2AMBIENTES VILLA DEL PARQUE - ALQUILER,Emilio la marca 2200,Villa del Parque,CABA,ARS,650000,80000,32.0,1,1,,,,30
EXCELENTE DEPARTAMENTO 1 AMB-LATERAL- LUMINOSO,Avenida Nazca 2800,Villa del Parque,CABA,ARS,550000,90000,28.0,,1,,7 años,,30
1 AMBIENTE DIVISIBLE CON COCHERA CUBIERTA CHICA.   CATEGORIA CON AMENITIES Y PILETA.,"Avenida Francisco Beiró 3300, Piso 4",Villa del Parque,CABA,ARS,700000,160000,42.0,,1,,,,30
"Depto 1 ambiente CON EXPENSAS , ABL  AYSA INCLUIDOS  Amplio luminoso","Mario Bravo 200, Piso 6",Almagro,CABA,ARS,580000,,30.0,,1,,45 años,,30
JUNIN AL 500 - CONTRAFRENTE LUMINOSO APTO PROFESIONAL,Junín 500,Balvanera,CABA,ARS,380000,113543,16.0,,1,,40 años,,30
Departamento en alquiler en Barracas,Tomás Liberti 1100,Barracas,CABA,ARS,790000,120000,36.41,1,1,,,,30
ALQUILER MONOAMBIENTE AMUEBLADO RECOLETA,Avenida Callao 1000,Recoleta,CABA,ARS,800000,170000,30.0,,,1,10 años,,30
Hermoso semipiso 3 amb al fte. Amoblado,Godoy Cruz 2400,Palermo Hollywood,Palermo,USD,1800,325000,55.0,2,2,,,,30
Laprida al 1900 - Monoambiente en alquiler en el barrio de Recoleta!,Laprida 1900,Recoleta,CABA,ARS,450000,145000,28.0,,1,,40 años,,30
Deco Recoleta by Armani Casa Alquiler Penthouse temporal amoblado con terraza y piscina,Guido 1900,Recoleta,CABA,USD,3900,,70.0,2,,,2 años,,30
DEPARTAMENTO DE 2 AMBIENTES EN ESTADO EXCELENTE. BALCON CORRIDO. 46 M2 APROX TOTALES. MUY POCA ANTIGUEDAD,"Avenida Congreso 4900, Piso 9",Villa Urquiza,CABA,ARS,800000,250000,40.0,1,,,8 años,,30
ALQUILER AMPLIO MONOAMBIENTE DIVISIBLE CON BALCÓN,"Mendoza 4800, Piso 3°",Villa Urquiza,CABA,ARS,600000,206000,36.0,,1,,9 años,,30
"2 AMB AMPLIO, LATERAL, SIN BALCON, A METROS DE PLAZA IRLANDA","Avenida Gaona 2000, Piso 4",Caballito Norte,Caballito,ARS,500000,200000,40.0,1,,,60 años,,30
Alquiler Departamento 1 ambiente bajas expensas - Caballito,Campichuelo 600,Caballito,CABA,ARS,500000,73000,26.0,,1,1,,,30
"Alquiler departamento 5 ambientes, cochera Palermo Chico","Miguel Cané 3000, Piso 3",Palermo,CABA,USD,6500,,206.0,4,,,25 años,,30
"DUEÑO ALQUILA 2 AMBIENTES IMPECABLES A LA CALLE, MUY LUMINOSO","Adolfo Alsina 2000, Piso 7",Balvanera,CABA,ARS,600000,210000,,1,1,,40 años,,30
Departamento en Alquiler de 3 Ambientes en Nuñez con Patio,Grecia 3500,Núñez,CABA,ARS,1300000,120000,70.0,2,,,55 años,,30
"EXCELENTE DPTO. 2 AMB. EN ALQUILER EN FLORESTA - 4TO. PISO - CÓMODO, MUY LUMINOSO y AIREADO – 47 m2","Baradero 100, Piso 4",Floresta,CABA,ARS,690000,185000,42.0,1,,,11 años,,30
DEPARTAMENTO DE 2 AMBIENTES EN ESTADO EXCELENTE. BALCON CORRIDO. 46 M2 APROX TOTALES. MUY POCA ANTIGUEDAD,"Avenida Congreso 4900, Piso 9",Villa Urquiza,CABA,ARS,800000,250000,40.0,1,,,8 años,,31
ALQUILER AMPLIO MONOAMBIENTE DIVISIBLE CON BALCÓN,"Mendoza 4800, Piso 3°",Villa Urquiza,CABA,ARS,600000,206000,36.0,,1,,9 años,,31
"2 AMB AMPLIO, LATERAL, SIN BALCON, A METROS DE PLAZA IRLANDA","Avenida Gaona 2000, Piso 4",Caballito Norte,Caballito,ARS,500000,200000,40.0,1,,,60 años,,31
Alquiler Departamento 1 ambiente bajas expensas - Caballito,Campichuelo 600,Caballito,CABA,ARS,500000,73000,26.0,,1,1,,,31
"Alquiler departamento 5 ambientes, cochera Palermo Chico","Miguel Cané 3000, Piso 3",Palermo,CABA,USD,6500,,206.0,4,,,25 años,,31
"DUEÑO ALQUILA 2 AMBIENTES IMPECABLES A LA CALLE, MUY LUMINOSO","Adolfo Alsina 2000, Piso 7",Balvanera,CABA,ARS,600000,210000,,1,1,,40 años,,31
Departamento en Alquiler de 3 Ambientes en Nuñez con Patio,Grecia 3500,Núñez,CABA,ARS,1300000,120000,70.0,2,,,55 años,,31
"EXCELENTE DPTO. 2 AMB. EN ALQUILER EN FLORESTA - 4TO. PISO - CÓMODO, MUY LUMINOSO y AIREADO – 47 m2","Baradero 100, Piso 4",Floresta,CABA,ARS,690000,185000,42.0,1,,,11 años,,31
AV. ALVAREZ THOMAS Y AV. ELCANO - 34 M2 TODO SOL BAÑO Y COCINA COMPLETOS,Avenida Álvarez Thomas 1200,Colegiales,CABA,ARS,630000,,34.0,1,,,40 años,,31
Excepcional Dpto de 4 ambientes con dependencias amueblado en el corazón de Belgrano,"Avenida Olazábal 2800, Piso 2",Belgrano,CABA,ARS,1990000,300000,118.0,3,,,50 años,,31
EXCELENTE  3 AMBIENTES DEPENDENCIAS COCINA COMEDOR DIARIO,Avenida Corrientes 4500,Almagro,CABA,ARS,1250000,300000,79.0,2,,,45 años,,31
Alquiler de departamento de 2 Ambientes en Caballito,San José De Calasanz 500,Caballito,CABA,ARS,700000,150000,41.0,1,,,50 años,,31
Departamento en alquiler en Liniers,"Avenida Lisandro De La Torre 100, Piso 3",Liniers,CABA,ARS,650000,120000,,1,,2,50 años,,31
Departamento en alquiler Nuñez DUEÑO,"Manzanares 2000, Piso 1",Lomas de Núñez,Núñez,ARS,650000,110000,32.0,,,,15 años,,31
4 Ambientes Santa Fe 5000. Muy amplio. Gran vista!,"Avenida Santa Fe 5000, Piso 10°",Palermo Hollywood,Palermo,ARS,1395000,500000,100.0,3,,,30 años,,31
DEPARTAMENTO MONOAMBIENTE ALQUILER SAN TELMO,"Av Brasil 700, Piso 4°",San Telmo,CABA,ARS,580000,140000,30.0,,1,,12 años,,31
"Excelente depto de 3 Amb Muy Luminoso, amplia cocina","Boedo 400, Piso 7°",Almagro Sur,Almagro,ARS,900000,250000,55.0,2,,,40 años,,31
1 amb. 51mts dividido cfte. c/ balcón,"Manuela Pedraza 2300, Piso 10°",Núñez,CABA,ARS,850000,170000,47.0,,2,,4 años,,31
Departamento 2 amb en alquiler,"Avenida General Paz 400, Piso 7",Núñez,CABA,ARS,700000,164000,28.0,1,1,,,,31
Espectacular Monoambiente,Avenida Francisco Beiró 4900,Villa Devoto,CABA,ARS,650000,120000,33.0,,1,,3 años,,31
Espectacular Monoambiente,Avenida Francisco Beiró 4900,Villa Devoto,CABA,ARS,650000,120000,33.0,,1,,3 años,,32
MONOAMBIENTE DIVISIBLE RECOLETA-IDEAL Uso Profesional-S/IVA,"Avenida Callao 900, Piso 10°",Recoleta,CABA,ARS,630000,214400,33.0,,1,1,,,32
"2 AMBIENT FTE BCON ATERRAZ BÑO Y TOILETTE ""A ESTRENAR"" EN EXCLUS ZONA CON AMENITIES COWORKING EXQUISITO","Fray Justo Santa María De Oro 2400, Piso 8",Botánico,Palermo,ARS,1200000,250000,40.0,1,,,A Estrenar,,32
"2 AMBIENT FTE BCON ATERRAZ BÑO Y TOILETTE ""A ESTRENAR"" EN EXCLUS ZONA CON AMENITIES COWORKING EXQUISITO","Fray Justo Santa María De Oro 2400, Piso 8",Botánico,Palermo,ARS,1000000,250000,40.0,1,,,A Estrenar,,32
Departamento 2 Ambientes Alquiler en Almagro,"Don Bosco 3700, Piso 7°",Almagro Sur,Almagro,ARS,650000,120000,35.0,1,1,,,,32
4 Ambientes . Excelente estado - 2 baños .- 2 cuadras de Rivadavia y Estacion Floresta,"Mercedes 200, Piso 2",Floresta,CABA,ARS,1000000,240000,72.0,3,,,60 años,,32
Excelente 2 Ambientes con Doble Patio en Formosa al 400 – A Pasos de Av. Rivadavia,"Formosa 400, Piso 1",Caballito,CABA,ARS,650000,155000,,1,1,2,,,32
Hermoso departamento 1 ambiente. Luminoso,Arce 700,Las Cañitas,Palermo,ARS,550000,140000,22.0,,1,1,,,32
DPTO 3 AMB TODO EXTERNO MUY LUM EXCEL VISTA Y UBIC,"Barzana 2100, Piso 15°",Villa Urquiza,CABA,ARS,900000,,54.0,2,1,,,,32
ALMAGRO EXCELENTE 3 AMB PISO 12° - FRENTE - OPCIÓN COCHERA,"Avenida Medrano 600, Piso 12°",Almagro,CABA,ARS,920000,280200,50.0,2,,,45 años,,32
EXCELENTE MONOAMBIENTE DIVISIBLE CON BALCÓN Y COCHERA,"Avenida Cabildo 3900, Piso 7",Núñez,CABA,ARS,600000,220000,34.0,,1,,10 años,,32
Departamento monoambiente con patio en alquiler,"Ricardo Gutiérrez 3000, Piso 1",Villa del Parque,CABA,ARS,550000,100000,28.0,,1,,A Estrenar,,32
VIGILANCIA - 2 BAÑOS - BALCON - COCINA con COMEDOR DIARIO,"Moreno 800, Piso 3",San Telmo,CABA,ARS,1200000,360000,80.0,3,2,,,,32
Monoambiente luminoso con balcón – Apto profesional – Tucumán y Esmeralda,"Tucumán 800, Piso 7",San Nicolás,CABA,ARS,660000,125000,32.0,1,,,88 años,,32
PISO EN VILLA DEVOTO RESEDENCIAL,"Nueva York 4500, Piso 4",Villa Devoto,CABA,USD,3300,600000,145.0,3,,,25 años,,32
Hermoso y exclusivo ambiente divisible con balcón terraza. Excelente ubicación,"Alcaraz 5000, Piso 4",Monte Castro,CABA,ARS,590000,155000,31.0,,,,8 años,,32
"Departamento  en Alquiler  2 dormi, Barrio Norte",Juncal 2900,Barrio Norte,CABA,USD,1900,700000,,2,2,,A Estrenar,,32
Av. San Martin 5795 Piso 1° - monoambiente en alquiler,Av. San Martin 5795 Piso 1° - monoambiente en alquiler,Villa Devoto,CABA,ARS,510000,80000,30.0,,1,,6 años,,32
Depto 2 amb contra-frente con balcón y cochera en alquiler,Franklin Delano Roosevelt 5400,Villa Urquiza,CABA,ARS,700000,194042,32.0,1,,,50 años,,32
Monoambiente con Balcòn Al Frente,Avenida Monroe 5800,Villa Urquiza,CABA,ARS,590000,168000,32.0,1,,,12 años,,32
"DEPARTAMENTO 2 AMBIENTES - PALERMO CHICO, CAPITAL FEDERAL","Cabello 3900, Piso 6",Palermo Chico,Palermo,ARS,1000000,274000,40.0,1,,,25 años,,33
"Departamento en Alquiler de 2 ambientes al frente con balcon , Parque ,Pileta, seguridad 24hs","Sarandí 800, Piso 1",San Cristóbal,CABA,ARS,550000,230000,41.0,1,,,17 años,,33
Departamento ambiente y medio en alquiler,"Avenida Olazábal 5500, Piso 1",Villa Urquiza,CABA,ARS,650000,160000,36.0,1,,,,,33
Hermoso 4 ambientes tipo Loft en San Telmo! con Terraza y parrilla!,"Avenida Paseo Colón 1300, Piso 2",San Telmo,CABA,ARS,1500000,430000,157.0,3,2,,,,33
2 Ambientes con Cochera Fija I 2° piso con Balcón al frente,Manuel Ugarte 2600,Belgrano,CABA,ARS,1050000,281137,,1,1,,10 años,,33
VIGILANCIA - 2 BAÑOS - BALCON - COCINA con COMEDOR DIARIO,"Moreno 800, Piso 3",Microcentro,Centro,ARS,1200000,360000,80.0,3,2,,,,33
Departamento 3 ambientes en Belgrano,Vuelta De Obligado 2700,Belgrano,CABA,ARS,1400000,270000,54.0,2,,,40 años,,33
Departamento 2 Ambientes Dueño Directo Sin Expensas a Estrenarla Devoto,"Avenida Lope De Vega 3500, Piso 1",Villa Devoto,CABA,ARS,1190000,,80.0,1,,,,,33
Mono ambiente muy amplio,"Medeyros 3400, Piso 1",Villa Urquiza,CABA,ARS,600000,130000,,,,1,,,33
ESPECTACULAR 3 AMB FTE 8 AÑOS C/COCHERA FIJA CUB (DORM EN STE+2° BAÑO COMPLTORRE PREMIUM C/AMENITIES MÁXIMA CATEGORIA,Austria 1900,Palermo,CABA,USD,2200,800000,70.0,2,,,8 años,,33
HERMOSO DEPTO DE 2 AMB. PLANTA BALA - MB/ESTADO,Avenida Carlos Calvo 2300,San Cristóbal,CABA,ARS,600000,30000,,1,1,2,,,33
2 Ambientes con Gran Patio | 107 m² | 2 Aires Acondicionados | Lavadero Incorporado.,Marcelo T. de Alvear 700,Retiro,CABA,ARS,990000,260000,47.0,1,,,50 años,,33
Estados Unidos al 4200 Departamento 2 Ambientes con Balcón,Estados Unidos 4200,Boedo,CABA,ARS,800000,200000,,1,1,,10 años,,33
EEUU 4200 Departamento 2 Ambientes ALQUILER Boedo,Estados Unidos 4200,Boedo,CABA,ARS,800000,170000,47.0,1,,,15 años,,33
LARREA AL 900 - IMPECABLE VISTA PANORAMICA TODO SOL TODO EXTERNO,Larrea 900,Barrio Norte,CABA,ARS,700000,190000,35.0,1,,,40 años,,33
Excelente departamento 2 ambientes  luminoso,Meyderos 3400,Villa Urquiza,CABA,ARS,800000,200000,40.0,1,,,2 años,,33
Caballito  2 amb luminoso con balcon,San José De Calasanz 100,Caballito,CABA,ARS,900000,,,1,1,2,,,33
2 AMB AMPLIOS  CON BALCON TERRAZA. Y COCHERA - EDIFICIO MODERNO.,"Humboldt 1400, Piso 2",Palermo,CABA,ARS,1100000,305000,45.0,1,,,4 años,,33
Dpto. 3 Amb. C/Balcon corrido y Lav.,"Bacacay 4100, Piso 6",Floresta,CABA,ARS,800000,220000,58.0,2,,,40 años,,33
COLEGIALES DEPARTAMENTO CON BALCON A ESTRENAR,"Virrey Loreto 3600, Piso 6",Colegiales,CABA,ARS,770000,119000,35.0,,1,,A Estrenar,,33
Departamento en alquiler en Coghlan,"Franklin Delano Roosevelt 3600, Piso PB",Coghlan,CABA,ARS,500000,,,,1,2,,,34
Departamento en alquiler en Chacarita,"Avenida Álvarez Thomas 700, Piso 3",Chacarita,CABA,ARS,900000,,,,1,2,,,34
Departamento en alquiler en Parque Patricios,"Avenida Chiclana 3200, Piso 2",Parque Patricios,CABA,ARS,1000000,,80.0,2,1,,,,34
"Alquiler Departamento 2 ambientes en 'Pedro Lozano al 3600, Villa del Parque","Pedro Lozano 3600, Piso 5",Villa del Parque,CABA,ARS,500000,120000,,1,1,2,,,34
Departamento 1 amb frente balcón amenities a estrenar,Avenida Monroe 5100,Villa Urquiza,CABA,ARS,800000,119094,29.0,,1,,A Estrenar,,34
Departamento a estrenar 1 amb balcón amenities,Avenida Monroe 5100,Villa Urquiza,CABA,ARS,800000,156333,34.0,,1,,A Estrenar,,34
Espacioso 2 ambientes en Pleno Urquiza,"Andonaegui 2100, Piso 7",Villa Urquiza,CABA,ARS,730000,92000,40.0,1,,,40 años,,34
2 AMB. CON BALCÓN FRANCÉS EN INMEJORABLE UBICACIÓN!,Maure 2500,Colegiales,CABA,ARS,650000,200000,34.0,1,,,30 años,,34
Hermoso 2 Amb en alquiler Comercial/profesional  en Caballito!,Thorne 400,Caballito,CABA,ARS,900000,250000,40.0,1,,,14 años,,34
"EXCELENTE MONOAMBIENTE al frente con balcón. ""A ESTRENAR""","Ciudad De La Paz 2700, Piso 4",Belgrano,CABA,ARS,790000,100000,32.0,,1,,A Estrenar,,34
SAN PEDRITO 200 | ALQUILER | FLORES,Avenida San Pedrito 200,Flores,CABA,ARS,700000,180000,,1,1,,60 años,,34
2 AMB BARRIO NORTE - RECOLETA 2 AMB AL FRENTE,"Doctor Tomás Manuel De Anchorena 1700, Piso 2°",Barrio Norte,CABA,ARS,710000,140000,30.0,1,,,70 años,,34
MONOAMBIENTE CON BALCON TERRAZA EN ALQUILER,Santo Domingo 2400,Barracas,CABA,ARS,700000,,49.0,,1,1,,,34
Departamento en Barracas,Avenida Montes De Oca 1600,Barracas,CABA,ARS,700000,235000,40.0,1,,,25 años,,34
Departamento 3 ambientes - Excelente estado,Río Cuarto 2900,Barracas,CABA,ARS,750000,100000,,2,1,3,,,34
Hermoso Semipiso de 3 Ambientes Al Frente. Balcón Aterrazado. Lavadero independiente. Excelente Ubicación!,"Riglos 800, Piso 6",Parque Chacabuco,CABA,ARS,1100000,340000,75.0,2,,,25 años,,34
Departamento 1 Ambiente en Alquiler,Hortiguera 600,Parque Chacabuco,CABA,ARS,550000,120000,27.0,,1,,40 años,,34
Alquiler - Departamento - 1 Ambiente - Parque Chacabuco - Amenities,Beauchef 900,Parque Chacabuco,CABA,ARS,750000,206905,29.0,,1,,10 años,,34
ALQUILER MONOAMBIENTE CON BALCÓN A ESTRENAR CON AMENITIES A 4 CUADRAS DE LA UADE,"Venezuela 900, Piso 13",Monserrat,CABA,ARS,640000,149000,33.0,,,,,,34
ALQUILER 3 AMB BCON COC COMEDOR 2 baños 72 m2 LAV SEPARADO,"Chile 1500, Piso 2°",Monserrat,CABA,ARS,800000,217000,65.0,2,,,45 años,,34
Departamento  2 ambientes en alquiler en Monserrat,"Solis 600, Piso 2",Monserrat,CABA,ARS,520000,,31.0,1,,,45 años,,35
"4 ambientes al frente c/balcón y cochera fija cubierta, 2 baños, cocina independiente c/comedor diario","Pedro Morán 4700, Piso 2",Villa Devoto,CABA,ARS,1400000,250000,72.0,3,,,40 años,,35
"Depto mono-ambiente amoblado y equipado, baño privado, valor final Oportunidad Solo Mujeres",General José Gervasio Artigas 200,Flores,CABA,ARS,350000,,12.0,,1,,6 años,,35
DEPARTAMENTO 2 AMBIENTES CON BALCON,"Sanabria 2800, Piso 4",Villa Devoto,CABA,ARS,800000,220000,39.0,1,1,,,,35
Alquiler 4 ambientes con dependencia y cochera en Belgrano!,"Ciudad De La Paz 1500, Piso 3",Belgrano,CABA,ARS,2300000,550000,112.0,3,,,,,35
DEPARTAMENTO TRES AMBIENTES BARRACAS,Piedras 1700,Barracas,CABA,ARS,850000,237000,55.0,2,1,,,,35
2 ambientes | Alquiler Belgrano | Muy buena ubicación,Arcos 1100,Belgrano,CABA,ARS,1500000,290000,45.0,1,,,A Estrenar,,35
Alquiler 3 ambientes 2 BAÑOS COMPLETO Balcón al frente Super Luminoso,Avenida Corrientes 4400,Almagro,CABA,ARS,1320000,410000,60.0,2,,,20 años,,35
2 Amb c/ balcón al frente - Muy luminoso,Virrey Liniers 900,Boedo,CABA,ARS,800000,130000,48.0,1,2,,,,35
2 ambientes | Alquiler Colegiales | Amenities,Teodoro García 3400,Colegiales,CABA,ARS,890000,319000,43.0,1,,,10 años,,35
2 ambientes | Alquiler Colegiales | Edificio con Amenities,Teodoro García 3400,Colegiales,CABA,ARS,890000,319000,43.0,1,,,10 años,,35
Muy buen monoambiente APTO PROFESIONAL,"Terrada 4500, Piso 2°",Villa Pueyrredón,CABA,ARS,550000,120000,28.0,,1,,7 años,,35
Alquiler departamento 3 ambientes Boedo,"Muniz 1100, Piso 3",Boedo,CABA,ARS,800000,254500,47.0,2,,,,,35
PRECIOSO MONOAMBIENTE SUPER LUMINOSO APTO PROFESIONAL  SUM SOLARIUM PARRILLA PISCINA LAUNDRY COCHERA OPCIONAL,"Av Alvarez Thomas 900, Piso 7",Colegiales,CABA,ARS,800000,230000,34.0,,1,,15 años,,35
Alquiler departamento 3 amb amoblado c/cochera Palermo,Bulnes 2700,Palermo Chico,Palermo,USD,2100,870000,82.0,2,2,,,,35
"EXCEPCIONAL DOS AMB A ESTRENAR, TODO JERARQUÍA","Argañarás 100, Piso 1",Villa Crespo,CABA,ARS,1200000,200000,49.0,1,,,A Estrenar,,35
Semipiso 3 ambientes amplísimos.Cocina comedor.Lav.Balcón,"Zarraga 3700, Piso 2°",Belgrano R,Belgrano,ARS,1300000,140000,69.0,2,,,30 años,,35
ALQUILER 1 AMBIENTE 35M2 A ESTRENAR CON VISTA ABIERTA.,Vidal 1900,Belgrano,CABA,ARS,780000,160000,35.0,,1,1,,,35
"Hermoso departamento en alquiler, 2 Ambientes, en Villa Crespo Nuevo con amenities","Murillo 900, Piso 2",Villa Crespo,CABA,ARS,1200000,350000,,1,1,,A Estrenar,,35
4 AMBIENTES EN NUÑEZ - EDIFICIO CON SEG 24HS Y GYM PILETA- COCHERA OPCIONAL,Avenida Del Libertador 6700,Núñez,CABA,USD,1400,564000,78.0,3,,,20 años,,35
2 dormitorios con 2 balcón| Luminoso | Av. Las Heras y Junín,Avenida General Las Heras 2000,Recoleta,CABA,ARS,1500000,290000,63.0,2,,,30 años,,36
"COMODO 2 AMBIENTES EXCELENTE UBICACION, SUM, SOLARIUM, PARRILLA, PISCINA. APTO PROF","Av Alvarez Thomas 800, Piso 2",Colegiales,CABA,ARS,750000,250000,40.0,1,,,18 años,,36
Espectacular Monoambiente en Belgrano de 35 Mts,11 De Septiembre De 1888 1000,Belgrano,CABA,ARS,600000,220000,35.0,,1,,10 años,,36
Departamento 2 ambientes caballito,Doctor Juan Felipe Aranguren 100,Caballito Norte,Caballito,ARS,500000,160000,33.0,1,,,50 años,,36
BAJO VALOR  3 AMB EN ALQUILER EN TORRES MIRABILIA PISO ALTO CON COCHERA VISTA ABIERTA A LA CIUDAD,Humboldt 2000,Palermo Hollywood,Palermo,USD,2000,750000,79.0,2,,,18 años,,36
Departamento en alquiler en Caballito SIN expensas ni impuestos,Bogotá 900,Caballito,CABA,ARS,600000,,24.0,,1,,50 años,,36
ALQUILER 2 AMBIENTES EN RECOLETA | LUMINOSO,Charcas 3000,Barrio Norte,CABA,USD,550,148152,39.52,1,,,51 años,,36
REGIO DEPTO 3 AMB. CON DEPENDENCIA EN EXCELENTE UBICACION,Avenida Córdoba 2500,Recoleta,CABA,ARS,900000,165000,,2,2,3,,,36
"Excelente depto de 3 Amb Muy Luminoso, amplia cocina","Boedo 400, Piso 7°",Boedo,CABA,ARS,900000,250000,55.0,2,,,40 años,,36
ALQ A 2 AÑOS EN PALERMO LIBRE YA PARA 4 MAXIMO OPORTUNIDAD!,General Güemes 4500,Palermo,CABA,ARS,1000000,230000,60.0,2,1,,,,36
Amplio y luminoso departamento 4 ambientes c/ balcón al frente. Apto profesional.,Avenida Rivadavia 5400,Caballito,CABA,ARS,1300000,230000,86.0,3,,,80 años,,36
Alquiler 2 Ambientes en Caballito,"Doctor Juan Felipe Aranguren 1200, Piso 10",Caballito Norte,Caballito,ARS,550000,150000,28.0,1,1,,,,36
3 AMB CON BALCON ATERRAZADO !,"Avenida Rivadavia 8600, Piso 10",Floresta,CABA,ARS,900000,70000,56.0,2,,,65 años,,36
"GENEROSO MONOAMBIENTE, MUY CÓMODO!","24 De Noviembre 200, Piso 1",Balvanera,CABA,ARS,500000,67000,33.0,,1,,50 años,,36
VENTA- DEPARTAMENTO 4 AMBIENTES-NUÑEZ,Avenida Del Libertador 7400,Núñez,CABA,USD,4500,,120.0,3,,,A Estrenar,,36
LUMINOSO DEPARTAMENTO DE DOS AMBIENTES EN EXCELENTE UBICACIÓN S/AV. RIVADAVIA,"Avenida Rivadavia 4100, Piso 14",Almagro,CABA,ARS,600000,90000,,1,1,,45 años,,36
EXCELENTE UBICACIÓN Y UNIDAD,"Rio De Janeiro 200, Piso 5°",Caballito,CABA,ARS,800000,125000,40.0,1,1,,,,36
"Condarco 3100 departamento 2 ambientes con balcón, parrilla y cochera en Villa del Parque",Condarco 3100,Villa del Parque,CABA,ARS,850000,274000,41.0,1,,,20 años,,36
DEPARTAMENTO EN ALQUILER DE 2 AMBIENTES A ESTRENAR EN VILLA CRESPO CON AMENITIES,Pringles 800,Villa Crespo,CABA,ARS,1000000,150000,45.0,1,,,A Estrenar,,36
Alquiler Departamento de 1 dormitorio  en Balvanera,Avenida Rivadavia 2900,Balvanera,CABA,ARS,700000,180000,40.0,1,,,30 años,,36
"Depto de 2 Ambientes al frente c/balcon, super luminosos.","Manzoni 100, Piso 7",Villa Luro,CABA,ARS,750000,103000,40.0,1,,,9 años,,37
Departamento 4 amb cochera fija cub IMPECABLE,Doctor Juan Felipe Aranguren 1900,Flores,CABA,ARS,1600000,250000,75.0,3,,,2 años,,37
Alquiler departamento monoambiente en Palermo Soho,Gurruchaga 2100,Palermo Soho,Palermo,ARS,650000,123000,29.0,,1,,30 años,,37
Departamento en alquiler en Villa Urquiza,"Burela 1800, Piso PB",Villa Urquiza,CABA,ARS,1100000,,,,1,2,,,37
"Monoambiente en MOCA2,Full amenities","Finocchietto 900, Piso 8",Barracas,CABA,ARS,580000,135000,25.0,,1,,A Estrenar,,37
Hermoso Monoambiente en Alquiler,"Jose Bonifacio 1300, Piso 2",Caballito Norte,Caballito,ARS,600000,160000,35.0,,1,,12 años,,37
"Departamento de 3 dormitorios, dep. serv. cochera y baulera en alquiler en Caballito",Formosa 400,Caballito,CABA,ARS,1300000,611218,88.0,3,,,45 años,,37
"Se alquila hermoso dos ambientes en villa luro c/ vista abierta, impecable estado",Manuel Artigas 5100,Villa Luro,CABA,ARS,720000,170000,45.0,1,,,,,37
"Se alquila hermoso dos ambientes con balcon al frente, todo luz a 2 cuadras de Av Rivadavia",Rafaela 4200,Floresta,CABA,Consultar,145000,,37.0,1,,,,,37
FULL AMENITIES - TORRE ARCOS PLAZA - ALQUILER 3 AMBIENTES CON COCHERA - BELGRANO,Arcos 2200,Belgrano,CABA,ARS,1600000,424000,60.0,2,,,28 años,,37
AMBIENTE APTO PROFESIONAL SOBRE AV SANTA FE Y SALGUERO,Avenida Santa Fe 3300,Barrio Norte,CABA,ARS,490000,180000,28.0,,,1,,,37
Monoambiente piso alto - Monserrat-CABA - Alquiler,Pena 1000,Monserrat,CABA,ARS,600000,170000,35.0,,1,,45 años,,37
Excelente monoambiente en la mejor zona de Palermo sobre  Boulevard Cerviño. CON O SIN MUEBLES,Avenida Cerviño 3900,Botánico,Palermo,ARS,750000,90000,,,1,1,,,37
"Monoambiente frente divisible, balcón, luminoso muy amplio (10 x 3 m) .-","Congreso 5900, Piso 3",Villa Urquiza,CABA,ARS,600000,100000,36.0,,1,,15 años,,37
2 AMBIENTES SEMIPISO CONTRAFRENTE LUZ Y SOL CON BALCÓN,"Teniente General Eustoquio Frías 100, Piso 1°",Villa Crespo,CABA,ARS,750000,121000,38.0,1,1,,,,37
Monoambiente divisible con balcón al frente,"Avenida Triunvirato 3600, Piso 4",Villa Urquiza,CABA,ARS,680000,120000,38.0,,1,,15 años,,37
Departamento dos ambientes al frente,"Neuquen 1200, Piso 3",Caballito,CABA,ARS,650000,102000,,1,1,2,,,37
2 amb pequeño interno excelente ubicación!,"General Güemes 4300, Piso 4°",Palermo Soho,Palermo,ARS,700000,120000,33.0,1,,,50 años,,37
ALQUILER MONOAMBIENTE DIVIDIDO,Julián Álvarez 700,Villa Crespo,CABA,ARS,730000,225000,38.0,,1,,20 años,,37
Amoblado y equipado,"Larrea 1300, Piso 7",Recoleta,CABA,USD,1400,550000,90.0,2,,,45 años,,37
1 ambiente y medio. Divis. frente vista baño comp y cocina,Sánchez De Bustamante 2300,Recoleta,CABA,ARS,600000,125000,35.0,,,1,40 años,,38
"Departamento 2 amb, frente 2 piso , luminoso excelente ubicación,  1dorm.c/placard, living, baño completo, bajísimas expensas","Domingo De Acassuso 5700, Piso 2",Liniers,CABA,ARS,700000,70000,,1,1,2,,,38
CASTROS BARROS 2222 | ALQUILER | BOEDO,Castros Barros 2200,Boedo,CABA,ARS,700000,190000,,2,1,3,,,38
Departamento 3 ambientes amplio 95mts - 2 baños - Balcon - Excelente ubicacion,"General José Gervasio Artigas 100, Piso 3",Flores,CABA,ARS,950000,290000,,2,1,3,,,38
Departamento de 2 ambientes excelente ubicacion,"Parana 1000, Piso 7",Recoleta,CABA,USD,690000,130000,35.0,1,,,40 años,,38
Departamento en Palermo,Godoy Cruz 2900,Palermo,CABA,ARS,1200000,220000,55.0,2,,,20 años,,38
Excelente Monoambiente muy luminoso con balcón,"Benito Juarez 1700, Piso 3",Monte Castro,CABA,ARS,450000,180000,31.0,,1,,10 años,,38
Luminoso monoambiente con balcón en Balvanera en alquiler en edificio con amenities,Avenida Corrientes 2000,Balvanera,CABA,ARS,640000,185000,33.0,1,,,10 años,,38
"Departamento - Alquiler - Argentina, Capital Federal - Allende 3841",Allende 3800,Villa Devoto,CABA,ARS,650000,180000,35.0,1,,,60 años,,38
EXCELENTE 2 AMB LUZ SOL DORM EN SUITE TOILETTE,"Ciudad De La Paz 3300, Piso 8",Núñez,CABA,ARS,900000,130000,50.0,1,,,7 años,,38
"Tu lugar para vivir, en ubicación inmejorable entre  Avda. Corrientes y Avda. Córdoba zona de alto crecimiento edilicio","Mario Bravo 600, Piso 3",Almagro Norte,Almagro,ARS,700000,150000,41.0,1,,,50 años,,38
Confortable departamento con excelente ubicación y listo para habitar.,"Mario Bravo 600, Piso 3",Palermo,CABA,ARS,700000,150000,40.0,1,,,50 años,,38
3 Ambientes con balcon al frente,"Pavon 3000, Piso 1",San Cristóbal,CABA,ARS,700000,200000,54.0,2,1,,,,38
Hermoso monoambiente a estrenar,"Bernardo De Irigoyen 1100, Piso 2",San Telmo,CABA,ARS,570000,170000,30.0,,,1,,,38
Hermoso 2 Ambientes Al Frente Todo Luz y Verde!,Ruiz Huidobro 4700,Saavedra,CABA,ARS,850000,160000,37.0,1,,,11 años,,38
ESPECTACULAR MONOAMBIENTE. MODERNO EDIFICIO DE CATEGORIA. LUMINOSO AL FRENTE CON BALCON,"Rio De Janeiro 700, Piso 4",Almagro,CABA,ARS,750000,95000,35.0,,,1,,,38
COGHLAN A METROS ESTACIÓN - 8° PISO TODO EXTERNO Y SUPER LUM,"Doctor Pedro Ignacio Rivera 3900, Piso 8°",Coghlan,CABA,ARS,1400000,250000,77.0,3,,,48 años,,38
NUÑEZ 2 AMBIENTES LATERAL LUMINOSO! APTO PROFESIONAL,"Avenida Cabildo 4300, Piso 11",Núñez,CABA,ARS,650000,121000,33.0,1,,,45 años,,38
Hermoso Depto 3 amb al frente alquiler villa Devoto,"Llavallol 3800, Piso 3",Villa Devoto,CABA,ARS,1100000,220000,55.0,2,1,,,,38
DEPARTAMENTO DE 3AMB. PLANTA BAJA. LATERAL de aprox 75 Mts2 (60Mts cubiertos) c/dos patios,"Avenida San Juan 4300, Piso PB",Boedo,CABA,ARS,950000,170000,60.0,2,,,50 años,,38
"DEPTO DE 2AMB. 10 PISO, de aprox 35Mts2, EN EDIFICIO TORRE, lateral. EXPENSAS $ 100.000","Bacacay 3800, Piso 10",Floresta,CABA,ARS,550000,100000,35.0,1,,,60 años,,39
1 AMB FRENTE AMPLIO EN L DIVISIBLE MUY LUMINOSO BALCÓN  Y AMENITIES,"Franklin Delano Roosevelt 3200, Piso 3",Coghlan,CABA,ARS,790000,156000,37.0,,,,4 años,,39
Piso 6 ambientes 400m2,Esmeralda 1300,Retiro,CABA,USD,4500,2100000,400.0,5,,,100 años,,39
"Departamento de 2 ambientes, excelente estado","Avenida Boedo 500, Piso 5",Boedo,CABA,ARS,500000,180000,32.0,1,,,45 años,,39
1 AMB AMPLIO DIVIDIDO C/BAULERA Y LAVADERO- IMPECABLE,Sarandí 400,Congreso,CABA,ARS,550000,,30.0,,1,,55 años,,39
"DEPARTAMENTO 2 AMBIENTES - BELGRANO C/CHICO/BARRANCAS, CAPITAL FEDERAL","Quesada 2300, Piso 8",Belgrano C,Belgrano,ARS,1200000,173600,43.0,1,,,2 años,,39
"Departamento  en Alquiler en San Nicolás, Capital Federal, Buenos Aires",Viamonte 700,San Nicolás,CABA,ARS,700000,230000,,1,1,,35 años,,39
Departamento 2 amb Muy Luminoso  por Villa Luro,"García De Cossio 6100, Piso 1°",Villa Luro,CABA,ARS,750000,130000,42.0,1,1,,,,39
"ALQUILO MONOAMBIENTE CONTRAFRENTE LUMINOSO PARRILLA, TERRAZA Y SOLARIUM COMPARTIDO","Terrada 2100, Piso 7",Villa del Parque,CABA,ARS,550000,99000,,1,1,,5 años,,39
LA MEJOR UBICACION: 2 AMBIENTES FUNCIONALES Y LUMINOSOS,"Franklin Delano Roosevelt 1800, Piso 2",Núñez,CABA,ARS,980000,220000,43.0,1,,,10 años,,39
"1 AMB 37 MTS TOT, APTO PROFESIONAL,COCINA INTEG.C/GAS Y ESP. P/LAVARROPA,BAÑO COMP.,EXC UBICACIÓN","Soler 3400, Piso 2",Palermo,CABA,ARS,420000,280850,32.0,,1,1,,,39
4 AMB CABALLITO,Avenida Doctor Honorio Pueyrredón 1000,Caballito,CABA,ARS,1300000,260000,79.0,3,1,,,,39
ALQUILER MONO AMBIENTE VILLA DEL PARQUE,"AV. SAN MARTIN 5370 , Piso 1",Villa del Parque,CABA,ARS,500000,140000,35.0,,1,,7 años,,39
Excelente 2 Ambientes Funcional – A Metros del Congreso,"Presidente Luis Sáenz Peña 100, Piso 4",Congreso,CABA,ARS,520000,190000,35.0,1,,,50 años,,39
Alquiler - 3 ambientes - Caballito,"Hidalgo 100, Piso 8°",Caballito,CABA,ARS,950000,148050,44.0,2,,,50 años,,39
"ALQ monoambiente c/balcon y SUM, apto prof,Villa del Parque",Argerich 3000,Villa del Parque,CABA,ARS,500000,150000,,,1,1,,,39
Excelente ubicacion en la mejor zona de Palermo,República Árabe Siria 3100,Botánico,Palermo,USD,1300,490000,80.0,3,1,,,,39
Alquiler 3 Ambientes En Madero Harbour,Juan Mora Fernández 400,Puerto Madero,CABA,USD,1950,,,2,2,3,,,39
EXCLUSIVO 2 AMBIENTES DE 86M² CON COCHERA | LA PORTEÑA FAENA | BALCÓN ATERRAZADO,"Martha Salotti 400, Piso 3",Puerto Madero,CABA,USD,1700,700000,82.0,1,,,15 años,,39
"Dos Ambientes , Trelles 1050  Piso 3° Esquina Gaona  a 100 metros Plaza Irlanda","Avenida Manuel Ricardo Trelles 1000, Piso 3",Flores Norte,Flores,ARS,630000,222500,46.0,1,,,50 años,,39
ALQUILER MONOAMBIENTE BALCON VILLA URQUIZA,"Miller 2300, Piso 3°",Villa Urquiza,CABA,ARS,620000,160000,35.0,,1,,10 años,,40
"Depto mono-ambiente amoblado y equipado, baño privado, valor final Oportunidad Solo Mujeres",General José Gervasio Artigas 200,Caballito,CABA,ARS,350000,,12.0,,1,,6 años,,40
"Departamento  en Alquiler en Caballito, Capital Federal, Buenos Aires",Morelos 700,Caballito,CABA,ARS,600000,50000,41.0,1,,,70 años,,40
"2 AMBIENTES MUY LUMINOSO CON BALCON TERRAZADO UBICADO EN  EL LIMITE CON SAAVEDRA, NUÑEZ Y BELGRANO","Avenida San Isidro Labrador 4200, Piso 5",Saavedra,CABA,ARS,880000,199000,45.0,1,1,,,,40
"Departamento  en Alquiler en Villa Crespo, Capital Federal, Buenos Aires",Tres Arroyos 800,Villa Crespo,CABA,ARS,800000,250000,38.0,1,,,A Estrenar,,40
AV JUAN B JUSTO AL 2300_V CRESPO_ALQUILER 3 AMB+COCINA+LAVADERO_42M2 TOT,Avenida Juan Bautista Justo 2300,Villa Crespo,CABA,ARS,750000,135000,42.0,2,,,65 años,,40
ALQUILER DEPARTAMENTO DOS AMBIENTES CON BALCÓN,"Avenida Estado De Israel 4400, Piso 5",Villa Crespo,CABA,ARS,700000,178000,44.0,1,,,,,40
3 ambientes en primer piso. Bajas expensas,Virgilio 800,Monte Castro,CABA,ARS,900000,,46.0,2,,3,,,40
"ALQUILER 4 AMBIENTES CON COCHERA, BAULERA Y AMENITIES","Avenida Monroe 4500, Piso 7°",Villa Urquiza,CABA,ARS,2200000,590000,74.0,3,,,7 años,,40
ALQUILER DEPARTAMENTO 3 AMBIENTES (52m2)  LUGANO 1 y 2,Avenida Soldado De La Frontera 5000,Villa Lugano,CABA,ARS,595000,110000,52.0,2,,,40 años,,40
3 AMB CON DEPENDENCIAS FRENTE BALCON A LA CALLE  BAULERA  EDIFICIO GALLI Y PATIO INTERNO,"Avenida Entre Ríos 600, Piso 1",Congreso,CABA,Consultar,230000,,86.0,2,,,50 años,,40
3 ambientes  - Congreso,Hipolito Irigoyen al 1800,Congreso,CABA,ARS,750000,160000,50.0,2,,,80 años,,40
PACHECO DE MELO AL 2600 - CONTRAFRENTE 24 M2 TODO A NUEVO BALCON APTO PROFESIONAL,José Andrés Pacheco De Melo 2600,Recoleta,CABA,ARS,650000,83050,24.0,,1,,40 años,,40
MARCELO T. DE ALVEAR AL 1900 - 50 M2 TOTALES IMPECABLE PATIO BAÑO Y COCINA COMPLETOS,Marcelo Torcuato De Alvear 1900,Barrio Norte,CABA,ARS,650000,276000,42.0,1,,,40 años,,40
2 Amb al frente c/balcón,"Avenida Córdoba 3300, Piso 8",Palermo,CABA,ARS,730000,190000,45.0,1,,,,,40
"Departamento 2 amb, en Caballito, Interno, muy luminoso.","Florencio Balcarce 100, Piso 5",Caballito,CABA,ARS,560000,180000,34.0,1,1,,,,40
IMPERDIBLE SEMIPISO DE 2 AMB. CON BALCÓN AL FRENTE PRIMER PISO  RECIÉN PINTADO.,"Gabriela Mistral 2800, Piso 1",Villa Pueyrredón,CABA,ARS,750000,175000,40.0,1,,,10 años,,40
Hermoso departamento de 3 ambientes con dependencias de servicio en alquiler en pleno Palermo con gran balcón terraza,"General Güemes 4400, Piso 8",Palermo,CABA,ARS,1400000,448000,70.0,2,1,,,,40
Alquiler departamento semipiso 3 ambientes,"Esmeralda 900, Piso 4",Plaza San Martín,Barrio Norte,ARS,1600000,200000,80.0,2,,,15 años,,40
DEPARTAMENTO DE 3 AMBIENTES EN VILLA DEVOTO,"Carlos Antonio López 3500, Piso 1",Villa Pueyrredón,CABA,ARS,850000,100000,60.0,,,,35 años,,40
"DEPARTAMENTO DOS AMBIENTES LATERAL MUY LUMINOSO - UNA CUADRA Y MEDIA SUBTE ""A""","Yerbal 2900, Piso 2",Flores,CABA,ARS,630000,120000,30.0,1,,,45 años,,41
2 AMBIENTES LATERAL CON BALCON,"Morelos 600, Piso 3",Caballito,CABA,ARS,600000,200000,,1,1,,45 años,,41
2 ambientes al frente con balcòn. Puerta blindada. Apto profesional. Caldereta para calefacciòn y agua caliente,"Donizetti 500, Piso 3",Villa Luro,CABA,ARS,750000,130000,,1,,,15 años,,41
"Espectacular departamento de 1 y 1/2 ambiente todo equipado, Panoràmico",Viamonte 800,San Nicolás,CABA,ARS,650000,170000,18.0,,1,1,,,41
Departamento 2 amb en alquiler calle vera 718,"Vera 700, Piso 4",Villa Crespo,CABA,ARS,600000,122000,32.0,1,,,50 años,,41
"2 ambientes | Alquiler Nuñez | Torre, muy buena ubicación",Vuelta De Obligado 3000,Núñez,CABA,ARS,730000,270000,40.0,1,,,45 años,,41
Hermoso departamento con cochera,"Pumacahua 100, Piso 6",Flores,CABA,ARS,1300000,330000,,2,1,,45 años,,41
A ESTRENAR! MONOAMBIENTE DIVINO - EXCELENTE UBICACION,Varela 100,Flores,CABA,ARS,500000,140000,32.0,,,,,,41
2 AMPLIOS AMB MUY LUMINOSO EN ALQUILER,Avenida Doctor Ricardo Balbín 2500,Coghlan,CABA,ARS,880000,350000,60.0,1,1,,,,41
TEODORO GARCIA AL 2800 - 16 AÑOS COCHERA BALCON TODO SOL APTO PROFESIONAL SUITE FULL AMENITIES,Teodoro García 2800,Colegiales,CABA,ARS,1000000,400000,48.0,1,,,16 años,,41
"Departamento - Alquiler - Argentina, Capital Federal - paraguay 1900",Paraguay 1900,Recoleta,CABA,ARS,700000,,23.0,,1,1,,,41
ALQUILER DEPARTAMENTO MONOAMBIENTE CON BALCON EN EXCELENTE ZONA DE FLORESTA,"Avenida Avellaneda 4000, Piso 4",Floresta,CABA,ARS,470000,83000,28.0,,1,,20 años,,41
Departamento en alquiler en Congreso,Avenida Rivadavia 1300,Congreso,CABA,ARS,550000,190000,,,1,1,45 años,,41
DEPARTAMENTO 3 AMBIENTES TIPO CASA DUEÑO ALQUILA SIN EXPENSAS A ESTRENAR PATIO LAVADERO CUBIERTO,"Avenida Lope De Vega 3500, Piso PB",Villa Devoto,CABA,ARS,1390000,,90.0,2,,,A Estrenar,,41
ALQUILER DEPARTAMENTO 2 AMBIENTES CABALLITO,"Avenida Directorio 100, Piso 5",Caballito,CABA,ARS,650000,160000,36.0,1,,,40 años,,41
Impecable 2 ambientes con Parrilla en el balcon!,"Bartolomé Mitre 4400, Piso 1",Almagro Norte,Almagro,ARS,750000,150000,36.0,1,,,8 años,,41
DEPARTAMENTO DE 3 AMBIENTES CON BALCON Y COCHERA FIJA CUBIERTA. BAJAS EXPENSAS. EXCELENTE UBICACION,"Andonaegui 2300, Piso 3",Villa Urquiza,CABA,ARS,1500000,290000,66.0,2,,,,,41
2 Ambientes piso 13 con cochera en edificio de categoría. Super luminoso.,"Esmeralda 800, Piso 13",Microcentro,Centro,ARS,550000,285000,35.0,1,,,40 años,,41
DPTO 2 AMB  - 30 m2  Baño  Cocina integrada - Garantia a Conversar,"Avenida Almirante Brown 1200, Piso PA",Boca,CABA,ARS,350000,,,1,1,,60 años,,41
"ZONA FACULTADES, a Estrenar MONOAMBIENTE 44 m² DIVISIBLE, APTO TODO DESTINO, Cochera opcional, Póliza de Caución. VIVÍ, TRABAJÁ, ESTUDIÁ y RENTÁ en la zona más conectada de la Ciudad!","Pasteur 700, Piso 1",Barrio Norte,CABA,ARS,715000,99000,44.0,,1,,,,41
DEPTO. 3 AMBIENTES 2 PATIOS PRIMER PISO,"Culpina 100, Piso 1°",Flores,CABA,ARS,950000,102000,52.0,2,1,,,,42
DEPTO 2 AMB. CFTE. MUY LUMINOSO,Avenida Nazca 900,Flores Norte,Flores,ARS,650000,137000,40.0,1,,,30 años,,42
ALQUILER DEPARTAMENTO 2 AMBIENTES BALCON AL FRENTE EN CONGRESO,"Riobamba 100, Piso 5",Congreso,CABA,ARS,620000,200000,52.0,1,,,50 años,,42
Excelente Monoambiente  | Apto profesional,11 De Septiembre De 1888 1000,Belgrano,CABA,ARS,680000,230000,31.0,,1,,14 años,,42
1 ambiente en alquier,Beruti 4500,Palermo,CABA,ARS,600000,150000,,,1,1,50 años,,42
Departamento de 4 ambiente en ALQUILER,Remedios 2800,Flores,CABA,ARS,1300000,150000,87.0,3,,,50 años,,42
Monoambiente en alquiler en Flores,"Avenida Directorio 2900, Piso 7",Flores,CABA,ARS,700000,150000,38.0,,1,,3 años,,42
DPTO 2 AMB INMEJ ESTADO UBIC PISCINA Y SOLARIUM,Achaval 200,Caballito,CABA,ARS,900000,220000,,1,1,,6 años,,42
"DEPARTAMENTO DE 2 AMBIENTES AL FRENTE, OPCIONAL AMUEBLADO","Avenida Directorio 3200, Piso 9",Floresta,CABA,ARS,850000,250000,5.0,1,,,25 años,,42
Luminoso monoambiente en alquiler. Muy buena ubicación.,Centenario 100,Caballito,CABA,ARS,450000,60000,24.0,1,,,38 años,,42
Departamento 3 AMBIENTES CON COCHERA,Juana Manso 1500,Puerto Madero,CABA,USD,2500,660000,104.0,2,,,A Estrenar,,42
Depto monoambiente con balcon,"Avenida General Mosconi 3100, Piso 1°",Villa Pueyrredón,CABA,ARS,550000,160000,30.0,,1,,10 años,,42
EXCELENTE MONOAMBIENTE. AMENITIES. BAULERA. APTO PROFESIONAL,Echeverria 2000,Belgrano,CABA,ARS,850000,160000,32.0,,1,1,,,42
Excelente Departamento Monoambiente. Amplio Balcón Terraza -,"Gavilán 4000, Piso 9",Villa Pueyrredón,CABA,ARS,690000,108000,,,1,1,,,42
"AMOBLADO 3 AMB. IMPECABLE - FRENTE - BALCON - DORMITORIO - DEPENDENCIA O 2° DORMITORIO - ESCRITORIO. Regia ubicación, excelente estado","Doctor Tomás Manuel De Anchorena 1300, Piso 1",Recoleta,CABA,ARS,1350000,220000,,2,1,,50 años,,42
Alquiler 4 Amb c/ Dep Amoblado con Cochera seguridad 24 hs,Laprida 1300,Recoleta,CABA,USD,2500,,130.0,3,,,40 años,,42
Departamento en flores excelente ubicación,"Pedernera 200, Piso 2°",Flores,CABA,ARS,600000,90000,44.0,1,,,50 años,,42
"ZENCITY, oportunidad  Sin comision, incluida polizaa del seguro del depto! Amoblado y equipado 2 Ambientes 65mt Cochera y media, Auto y Moto! Baul","Rosario Vera Peñaloza 500, Piso 15",Puerto Madero,CABA,ARS,2600000,450000,,1,2,2,,,42
AMPLIO MONOAMBIENTE 2° PISO POR ESCALERA,"Mexico 3600, Piso 2",Almagro,CABA,ARS,460000,104600,26.0,,1,1,,,42
"ALQUILER - DPTO 1 AMBIENTE - BALCÓN - PILETA SUM Y PARRILLA - SUBTE ""A""","Yerbal 1900, Piso 5",Caballito,CABA,ARS,680000,215000,47.0,,1,,6 años,,42
AMPLIO MONOAMBIENTE 2° PISO POR ESCALERA,"Mexico 3600, Piso 2",Almagro,CABA,ARS,460000,104600,26.0,,1,1,,,43
"ALQUILER - DPTO 1 AMBIENTE - BALCÓN - PILETA SUM Y PARRILLA - SUBTE ""A""","Yerbal 1900, Piso 5",Caballito,CABA,ARS,680000,215000,47.0,,1,,6 años,,43
3 AMB - LUMINOSO - BALCON AL CONTRAFRENTE,Avenida Entre Ríos 600,Monserrat,CABA,ARS,1000000,190000,56.0,2,,,60 años,,43
Monombiente - Palermo - Alquiler,Soler 4000,Palermo Soho,Palermo,ARS,650000,190000,30.0,,1,,10 años,,43
ALQUILER 3 AMBIENTES AL FRENTE CON BALCÓN. VISTA PANORÁMICA,Piedras 1300,San Telmo,CABA,ARS,850000,230000,47.0,2,1,,,,43
4 Ambientes con cochera y dependencia en Belgrano en alquiler,11 De Septiembre De 1888 1600,Belgrano,CABA,USD,5500,1800000,190.0,3,,,15 años,,43
"3 AMB FTE BLCON CORRIDO LUMINOSO  2 AMPLIOS DORM. ENTRE CABILDO/CRAMER/MONROE/JURAMENTO,  45 AÑOS","Avenida Olazábal 2700, Piso 2",Belgrano C,Belgrano,ARS,1100000,280000,46.0,2,,,45 años,,43
DEPARTAMENTO 2 AMBIENTES CON BALCON.,"Avenida Francisco Beiró 100, Piso c",Villa Devoto,CABA,ARS,750000,230000,45.0,1,1,,,,43
"ALQUILER  DEPARTAMENTO DOS AMBIENTES,  FRENTE, BALCÓN,  TOTALMENTE AMUEBLADO, IDEAL ESTUDIANTES","Presidente Luis Sáenz Peña 600, Piso 3",Monserrat,CABA,ARS,750000,148000,38.9,1,1,,,,43
"DEPARTAMENTO 3 AMBIENTES - PALERMO CHICO, CAPITAL FEDERAL","República Árabe Siria 3000, Piso P.B.",Palermo Chico,Palermo,ARS,940000,243650,60.0,2,,,55 años,,43
Departamento  de 3 Ambientes en alquiler  al frente con Balcon O/Norte,"García De Cossio 6100, Piso 2",Liniers,CABA,ARS,850000,175000,58.0,2,,,25 años,,43
Alquiler Departamento 4 Ambientes en Villa Urquiza. Bajas Expensas! Gran Balcón Terraza APTO PROFESIONAL. Gran Balcón Terraza.,"Franklin Delano Roosevelt 5300, Piso 7",Villa Urquiza,CABA,ARS,1900000,320000,85.0,3,,,30 años,,43
Departamento Sin Expensas tipo PH - 3 Amb. al Frente en Muy Buen Estado - Apto Profesional/Comercial,Emilio Zola 5100,Palermo,CABA,ARS,1900000,,85.0,2,,,65 años,,43
Excelente Ambiente en Caballito,Avenida Avellaneda 1800,Caballito,CABA,ARS,450000,150000,17.0,,1,,50 años,,43
2  AMBIENTES BUEN ESTADO LAVADERO VIGILANCIA,Avenida Corrientes 4200,Almagro,CABA,ARS,650000,150000,,1,1,2,,,43
Guemes 4560,General Güemes 4500,Botánico,Palermo,ARS,750000,150000,37.0,1,,,,,43
ALQUILER DE EXCELENTE MONOAMBIENTE,"Bolivia 4700, Piso 8",Villa Pueyrredón,CABA,ARS,495000,120000,30.0,,1,,11 años,,43
"2 AMB 40 MTS TOT, LATERAL C/BALCÓN,COC C/LAV INCOR,PLACARD,EDIF. C/SEGURIDAD,PISCINA,PARRILLA,EXC. UBIC","R De Escalada De San Martin 1000, Piso 4",Caballito,CABA,ARS,720000,211400,40.0,1,1,,,,43
Monoambiente amplio con Kitchenette y Baño completo,"Parana 300, Piso 7",San Nicolás,CABA,ARS,550000,127000,31.0,,1,,45 años,,43
Monoambiente amplio cfte cocina indepte balcon,"Gabriela Mistral 2500, Piso 3°",Villa Pueyrredón,CABA,ARS,600000,130000,35.0,,1,,30 años,,43
2 Ambientes Semi Amoblado Zona Centrica,Esmeralda 800,Microcentro,Centro,ARS,580000,250000,44.0,1,,,40 años,,44
Departamento Monoambiente en Alquiler en Congreso,"Bartolomé Mitre 1900, Piso 6",Congreso,CABA,ARS,500000,125000,,,1,1,,,44
2 AMBIENTES CON 2 PATIOS EN PLANTA BAJA APTO PROFESIONAL,"Avenida Corrientes 2800, Piso PB",Once,CABA,ARS,650000,98400,36.0,1,1,,,,44
"Luminoso Monoambiente con Balcón al Frente – Billinghurst 240, Almagro","Billinghurst 200, Piso 5",Almagro,CABA,ARS,480000,160000,,,1,1,,,44
Alquiler Amoblado - Luminoso Balcón con Vista Al Ecoparque - Cocina Integrada,"República De La India 2800, Piso 3",Botánico,Palermo,ARS,750000,200000,33.0,1,,,40 años,,44
"Alquiler departamento 3 ambientes amoblado con cochera, baulera y 3 baños en Recoleta",Guido 1600,Recoleta,CABA,USD,1400,663000,87.0,2,,,40 años,,44
MONOAMBIENTE l CONTRAFRENTE l PALERMO HOLLYWOOD,Bonpland 2200,Palermo Hollywood,Palermo,ARS,700000,175000,36.0,,1,,55 años,,44
Flores departamento 2 ambientes Muy buena ubicación ¡No pierdas esta oportunidad de vivir cómodo y cerca de todo!,"Fray Cayetano Rodríguez 300, Piso 5°",Flores,CABA,ARS,520000,100000,44.0,1,1,,,,44
Precioso Monoambiente al frente con Balcón,Riglos 800,Caballito,CABA,ARS,600000,130000,30.0,,,,3 años,,44
2 AMBIENTES PARA EXIGENTES,Teniente General Eustoquio Frías 400,Almagro Norte,Almagro,ARS,950000,200000,47.0,1,,,25 años,,44
3 AL FRENTE CON BALCON,"Rio De Janeiro 1000, Piso 2",Caballito,CABA,ARS,800000,215000,,2,1,,40 años,,44
Regio Monoambiente / Balcón y cocina aparte/ Imperdible!,Avenida Avellaneda 1800,Caballito Norte,Caballito,ARS,390000,120000,25.0,,,,,,44
Departamento monoambiente de 34 m² en alquiler en Retiro,"Arenales 1100, Piso 2",Retiro,CABA,ARS,660000,170000,33.7,1,,,70 años,,44
Departamento Alquiler cerca de UADE,Avenida Independencia 2300,Monserrat,CABA,ARS,650000,170000,37.0,,1,,10 años,,44
"2 ampisimos ambientes al Frente  (Murguiondo) con doble balcon, 53 Mtrs2","Bragado 6100, Piso 2",Mataderos,CABA,ARS,650000,230000,53.0,1,1,,,,44
4 AMBIENTES BAÑO Y TOILETTE,Panama 900,Almagro,CABA,ARS,1300000,300000,,3,2,,35 años,,44
"4 AMBIENTES, 82 MTS TOTALES, AL FRENTE CON BALCÓN, COCINA INDPTE, BAÑO COMPLETO Y TOILETTE, EXC. UBICACIÓN","Galicia 1100, Piso 13",Caballito,CABA,ARS,950000,473000,77.0,,,,,,44
3 ambientes | Alquiler Belgrano | Muy luminoso,Soldado De La Independencia 1200,Belgrano,CABA,ARS,950000,250000,58.0,2,,,50 años,,44
"DEPARTAMENTO DE 2 AMBIENTES CON PATIO , INMEJORABLE UBICACION","Guatemala 4400, Piso 1",Palermo,CABA,ARS,680000,140000,40.0,1,1,,,,44
1 monoambiente excelente estado,Gurruchaga 400,Villa Crespo,CABA,ARS,600000,172000,,,1,1,9 años,,44
EXCELENTE 2 AMBIENTES 62 M2 TOTALES AL FRENTE BALCON ATERRAZADO,"VIDAL 1500, Piso 4",Belgrano,CABA,Consultar,265000,,56.0,1,,,25 años,,45
3 ambientes | Alquiler Belgrano | Con cochera,Ciudad De La Paz 400,Belgrano,CABA,ARS,2000000,228000,65.0,2,,,5 años,,45
"3 AMB BAHIA BLANCA 2279, 6ª BALCON (BARRIO: MONTE CASTRO)","Bahía Blanca 2200, Piso 6",Monte Castro,CABA,ARS,750000,,60.0,2,1,,,,45
"DEPARTAMENTO 3 AMB CON VISTA PARONÁMICA AL RÍO, SUPER LUMINOSO Y BAJAS EXPENSAS","Avenida Paseo Colón 700, Piso 17",San Telmo,CABA,ARS,800000,185000,,2,1,3,,,45
Departamento 2 ambientes en Belgrano!,"Doctor Marcelo J. Fitte 1700, Piso 7",Belgrano R,Belgrano,ARS,650000,160000,27.0,1,,,40 años,,45
ALQUILER CON EXPENSAS ABL Y AYSA INCLUIDO,"Cabello 3900, Piso 9",Palermo Chico,Palermo,ARS,1200000,,35.0,1,,,25 años,,45
ALQUILER 2 AMBIENTES A ESTRENAR CON BALCÓN AL FRENTE – PALERMO,"Vidt 1600, Piso 4",Palermo,CABA,ARS,1500000,275000,41.0,1,,,,,45
Departamento de dos ambientes lateral - luminoso - 2 cuadras subte A,"Colombres 100, Piso 1",Almagro,CABA,ARS,550000,105000,30.0,1,,,40 años,,45
"Alquiler en Belgrano, amueblado – 2 ambientes con gran balcón al frente",Virrey Avilés 3100,Belgrano R,Belgrano,ARS,980000,282000,40.0,1,,,40 años,,45
ALQUILER DEPARTAMENTO 2 AMBIENTES PRECIO INCLUYE ABL Y AYSA,Avenida Directorio 2300,Flores,CABA,ARS,750000,160000,41.0,1,1,,,,45
"Torre Astor Nuñez, 2 Ambientes Impecable","Pico 2300, Piso 17",Lomas de Núñez,Núñez,USD,1100,380000,46.0,1,,,10 años,,45
Departamento en Nuñez,Deheza 1600,Núñez,CABA,ARS,1400000,420000,52.0,1,,,35 años,,45
Exclusivo Departamento de dos amb. frente al Rio,Juana Manso 1100,Puerto Madero,CABA,USD,1500,700000,70.0,1,,,10 años,,45
Departamento en alquiler 2 amb- Excelente ubicación en Villa Urquiza,"Avenida De Los Incas 4400, Piso 6",Villa Urquiza,CABA,ARS,500000,130000,,1,1,2,,,45
Muy buen Departamento 4 ambientes con cochera y baulera.,"Yerbal 1100, Piso 5",Caballito,CABA,ARS,1700000,450000,85.0,3,,,4 años,,45
Alquiler/ Venta 3 Ambientes en The Link Towers Puerto Madero con cochera y baulera,The Link Towers 3 ambientes con cochera y baulera - Torre Eva,Puerto Madero,CABA,USD,3200,490000,112.0,2,,,A Estrenar,,45
Departamento en alquiler c/ cochera en Puerto Madero,Marta Lynch 500,Puerto Madero,CABA,USD,2600,,140.0,2,4,,,,45
Mono ambiente 33 m Frente Balcón Luminoso,Angel Carranza 2900,Villa del Parque,CABA,ARS,450000,170000,30.0,,1,,7 años,,45
SUPER LUMINOSO 3 AMBIENTES BALCON ATERRAZADO SIN EXPENSAS,"Coronel Ramón Lista 5200, Piso 6",Barrio San Pedro,Villa Devoto,ARS,1200000,,,2,1,,8 años,,45
2 amb interno apto prof,"Avenida Rivadavia 4700, Piso 1",Caballito,CABA,ARS,600000,220000,36.0,1,1,,,,45
Sanchez de Bustamante 2600 esquina Libertador,"Sánchez De Bustamante 2600, Piso 8°",Recoleta,CABA,ARS,730000,215000,40.0,1,,,45 años,,46
Departamento 2 Ambientes en alquiler - Villa Urquiza,"Manuela pedraza 5400, Piso 3",Villa Urquiza,CABA,ARS,1100000,130000,40.0,1,,,3 años,,46
Alquiler Departamento 3 Ambientes. Balcón. Vigilancia 24 Hs. Cocina Separada y Lavadero.,Avenida Hipólito Yrigoyen 1500,Congreso,CABA,ARS,730000,190000,52.0,2,,,,,46
DEPARTAMENTO DE 2 AMBIENTES AMUEBLADO ES MUY BUEN ESTADO. COCINA INDEPENDIENTE. CONEXION LAVARROPA,"Capdevila 2700, Piso 6",Villa Urquiza,CABA,ARS,790000,145000,42.0,1,,,50 años,,46
Monoambiente muy luminoso c/balcón amoblado,Sarmiento 2000,Congreso,CABA,ARS,500000,109000,28.0,,,1,40 años,,46
MONOAMBIENTE CABALLITO BALCON AL FRENTE,Avenida Doctor Honorio Pueyrredón 800,Caballito,CABA,ARS,650000,205000,33.0,,1,,6 años,,46
"Monoambiente en buen estado, al frente con balcon. A mts de Av. Belgrano. En el barrio de Monserrat!",San Jose 300,Congreso,CABA,ARS,500000,200000,22.0,,1,,12 años,,46
ALQUILER! Lindisimo Monoambiente APTO PROFESIONAL en Belgrano,José Hernández 2700,Belgrano C,Belgrano,ARS,850000,157000,32.0,,1,,A Estrenar,,46
Alquiler 3 ambientes con amplia cocina comedor,Rodríguez Peña 100,San Nicolás,CABA,ARS,1000000,250000,90.0,2,,,50 años,,46
Monoambiente con cocina y balcón! A metros de Av. Belgrano,Santiago Del Estero 300,Congreso,CABA,ARS,470000,120000,31.0,,1,,50 años,,46
Penthouse duplex c/ piscina y terraza propia Migueles al 800,Migueletes 900,Las Cañitas,Palermo,USD,3500,700000,140.0,2,3,,,,46
Departamento en Villa Urquiza,Cullen 5200,Villa Urquiza,CABA,ARS,648000,110000,,,1,1,12 años,,46
DPTO SEMIPISO 2 AMB Y MEDIO AL FRENTE EN 3ER PISO POR ASCENSOR- MUY LUMINOSO - RECIEN PINTADO-EXCELENTE ESTADO,"Avenida Directorio 2900, Piso 3",Flores,CABA,ARS,750000,208000,,1,1,,15 años,,46
"Departamento - Alquiler - Argentina, Capital Federal - MIRANDA 3654",Miranda 3600,Villa del Parque,CABA,ARS,550000,150000,38.0,1,,,10 años,,46
Departamento con balcón y cochera apto profesional,"Carranza 2900, Piso 6°",Villa del Parque,CABA,ARS,1350000,450000,88.0,3,2,,,,46
Departamento en Once.,Bme. Mitre  al 3200,Almagro,CABA,ARS,560000,132000,,,1,1,6 años,,46
DEPARTAMENTO MONOAMBIENTE SAN TELMO ALQUILER,"Avenida Juan De Garay 600, Piso 2°",San Telmo,CABA,ARS,600000,140000,30.0,,1,,,,46
Excelente Departamento. de 2  Amb. Bcón Terra -  Torre  Múlt. Amenities - Seg 24 hs - Coch. opt.,"Fitz Roy 1400, Piso 5",Palermo,CABA,ARS,1150000,270000,,1,1,2,,,46
Departamento de 2 ambientes en Torre de Categoría - Cochera fija - Piscina y Solarium  - Seg 24 hs,"Jose Bonifacio 1700, Piso 14",Las Cañitas,Palermo,ARS,1350000,200000,45.0,1,1,,,,46
"Depto monoambiente  ALQUILER en San Telmo,  O VENTA","Bernardo De Irigoyen 1400, Piso 12",San Telmo,CABA,ARS,580000,135000,30.0,,1,,2 años,,46
Departamento de 1 dormitorio en alquiler en Caballito,Jose Bonifacio 1400,Caballito,CABA,ARS,900000,191162,,1,1,,15 años,,47
HERMOSO DEPARTAMENTO EN PLANTA BAJA - 2 AMBIENTES AL FRENTE CON PATIO,"Bulnes 1800, Piso PB",Palermo,CABA,ARS,950000,200000,,1,1,2,,,47
MONOAMBIENTE C/FRENTE EN LIBERTADOR 600 CON KITCHINET,"Avenida Del Libertador 600, Piso 6",Belgrano,CABA,ARS,550000,80000,30.0,,1,,35 años,,47
3 AMBIENTES EN EXCELENTE ESTADO PATIO CUBIERTO Y LAVADERO; COCINA COMEDOR DIARIO,"BLANCO ENCALADA 4800, Piso 1",Villa Urquiza,CABA,ARS,1450000,275000,72.0,2,,,,,47
Excelentes 3 amb. en LAS CAÑITAS,Migueletes 700,Las Cañitas,Palermo,ARS,1380000,313000,54.0,2,,,20 años,,47
"3 Ambientes en Alquiler en Belgrano | Balcón, Patio y Cochera | a m de Cabildo",Amenábar 2200,Belgrano,CABA,ARS,1350000,260000,63.05,2,,,,,47
"DEPTO DE 1 AMB.  PISO 9º AL C/FRENTE, DE 10 AÑOS DE ANTIGUEDAD, de aprox 30Mts2, EN EXCELENTE ESTADO","Avenida San Juan 4200, Piso 9",Boedo,CABA,ARS,650000,200000,30.0,,1,,10 años,,47
Amplio Departamento de Dos Ambientes en Cañitas Chenaut y Lmcampos,"Avenida General Indalecio Chenaut 1800, Piso 2",Las Cañitas,Palermo,ARS,1000000,480000,50.0,1,,2,,,47
Excelente depto 4 amb con cochera fija,Avenida Hipólito Yrigoyen 2000,Congreso,CABA,ARS,1250000,500000,108.0,3,,,55 años,,47
VERA AL 900 - 44 M2 IMPECABLE BALCON TODO SOL TODO EXTERNO BAÑO COMPLETO,Vera 900,Villa Crespo,CABA,ARS,730000,214200,44.0,1,,,40 años,,47
Excelente depto. a mts. de Universidad de Palermo,"Mario Bravo 1100, Piso 7",Palermo,CABA,ARS,550000,110000,27.0,,1,1,,,47
Excelente  semipiso 4 ambientes con dependencias  entrada de servicio cochera cubierta en pta. baja,Membrillar 100,Flores,CABA,Consultar,451500,,152.56,3,,,65 años,,47
EXCELENTE 3 AMB CON COCHERA Y PISCINA,Holmberg 1600,Belgrano R,Belgrano,ARS,2000000,450000,62.0,2,,,,,47
Alquiler Departamento 2 Amb Amueblado Esmeralda 1066 Centro,Esmeralda 1000,Microcentro,Centro,ARS,750000,150000,33.0,1,,,50 años,,47
EXCELENTE Departamento ! AL Frente- Semipiso - Luminoso - Balcón Aterrazado - Cocina office y dep. Servicios -IMPERDIBLE,"Avenida Avellaneda 2000, Piso 7",Flores Norte,Flores,ARS,1500000,350000,90.0,2,,,18 años,,47
1 AMB AMPLIO DIVISIBLE BALCON  MUY LUMINOSO,"Avenida Belgrano 1300, Piso 6",Monserrat,CABA,ARS,580000,170000,32.0,,1,,15 años,,47
Venta 2 Ambientes LUMINOSO excelente . ubicación al Frente,Viamonte 600,Microcentro,Centro,ARS,600000,180000,,1,,2,,,47
"L. Saenz Peña al 600 - Depto 2 amb. en alquiler, Barrio de Monserrat  - Recien pintado, luminoso!",Presidente Luis Sáenz Peña 600,Monserrat,CABA,ARS,600000,120000,32.0,1,,,45 años,,47
MONOAMBIENTE DIVISIBLE,Avenida Juan Bautista Justo 4100,Caballito,CABA,ARS,500000,105000,25.0,,1,1,,,47
DEPARTAMENTO DE 3 AMBIENTES PB CON DOS PATIOS,Valle 100,Caballito,CABA,ARS,1800000,130000,60.0,2,1,,,,47
"Excel ubic, amplio dos ambientes cerca subte y otros medios de transporte",Austria 1700,Palermo,CABA,ARS,975000,155000,45.0,1,,,55 años,,48
2 ambientes 40m2 excelente estado con garantia  para 1 persona caballito,"Coronel Ramón Lorenzo Falcón 1600, Piso 4",Caballito Sur,Caballito,ARS,590000,123000,40.0,1,,,30 años,,48
SEMIPISO 2 AMBIENTES EN CABALLITO SUR,"Viel 500, Piso 1",Caballito Sur,Caballito,ARS,1000000,200000,42.0,1,,,,,48
EXCELENTE PISO UNICO EN ESQUINA 6 AMB. CON TERRAZA SOLO PARA USO COMERCIAL,"Avenida Juan Bautista Alberdi 6300, Piso 1",Mataderos,CABA,ARS,1750000,,150.0,5,2,,,,48
HERMOSO Y MODERNO DEPARTAMENTO DE 1 AMBIENTE DIVIDIDO O 2 AMBIENTES,"Paysandú 1600, Piso 6",Caballito,CABA,ARS,700000,190000,34.0,1,,,5 años,,48
Departamento monoambiente en alquiler,"Dinamarca 1100, Piso 7",Caballito,CABA,ARS,470000,90000,,,1,1,,,48
"ALQUILER DEPARTAMENTO MONOAMBIENTE DIVISIBLE, AMENITIES","Rio De Janeiro 100, Piso 11",Caballito,CABA,ARS,650000,190000,29.0,1,,,10 años,,48
DEPTO 3 AMBIENTES  C/BALCONCITO,Avenida Montes De Oca 1700,Barracas,CABA,ARS,1000000,236000,70.0,2,1,,,,48
Departamento 2 ambientes en alquiler Av. Rivadavia al 4500,"Avenida Rivadavia 4500, Piso 3",Caballito,CABA,ARS,540000,180000,39.0,1,1,,,,48
Alquiler Departamento 3 Ambientes con Balcón y Vista Abierta - Caballito - Todos los transportes.,Avenida Directorio 1000,Caballito Sur,Caballito,ARS,1300000,230000,63.0,2,,,5 años,,48
Alquiler 3 Ambientes Villa Ortuzar Chacarita Patio Planta Baja,Mariano Acha 1200,Chacarita,CABA,ARS,1200000,360000,53.0,2,,,50 años,,48
Monoambiente cfte nuevo balcón cochera AMOBLADO,"Gualeguaychú 2000, Piso 6°",Floresta,CABA,ARS,750000,130000,35.0,,1,,10 años,,48
Se Alquila Excelente 2 Ambientes. Edificio con Amenities,Avenida Raúl Scalabrini Ortiz 1100,Palermo Soho,Palermo,USD,1000,,44.0,1,2,,,,48
"Departamento - Alquiler - Argentina, Capital Federal - Zelarrayan 1600",Zelarrayán 1600,Parque Chacabuco,CABA,ARS,600000,245000,49.0,,1,,6 años,,48
1 ambiente amueblado,"Franklin Delano Roosevelt 3200, Piso 7",Belgrano,CABA,ARS,850000,160000,35.0,1,,,10 años,,48
ALQUILA DEPTO 3 AMBIENTES IMPECABLE  EN DEVOTO,Carlos Antonio López 4000,Villa Devoto,CABA,ARS,1800000,,70.0,2,,,A Estrenar,,48
2 AMB - FRENTE BLCÓN -IMPECABLE INCLUYE EXPENSAS E IMPUESTO-,"Mexico 2100, Piso 1°",Balvanera,CABA,ARS,850000,,33.0,1,,,15 años,,48
"Departamento - Alquiler - Argentina, Capital Federal - Zelarrayan 1600",Zelarrayán 1600,Parque Chacabuco,CABA,ARS,690000,255000,67.0,,1,,6 años,,48
Impecable departamento en alquiler con cochera en excelente zona,Avenida Olleros 2300,Belgrano,CABA,ARS,2800000,953000,160.0,3,,,40 años,,48
EXCELENTE MONOAMBINTE AL FERNTE CON BALCON SOBRE MONROE. IMPECABLE.,"Avenida Monroe 4500, Piso 9",Urquiza R,Villa Urquiza,ARS,650000,190000,35.0,,1,1,,,48
EXEPXIONAL DEPARTAMENTO ECHO A NUEVO UN LUJO 2AMBIENTES CON SUM COMPLETO,"CONDARCO 3100, Piso 8",Villa del Parque,CABA,USD,900000,270000,,,,,16 años,,49
Alquiler San Telmo departamento 4 amb con dependencia,"Avenida Caseros 600, Piso 1",San Telmo,CABA,ARS,900000,200000,,3,1,3,,,49
EXCELENTE MONO AMBIENTE DIVISIBLE AL FRENTE C/BALCON,"Sanabria 2600, Piso 1",Villa Devoto,CABA,ARS,500000,120000,30.0,,1,,10 años,,49
"AMPLIO Y LUMINOSO MONOAMBIENTE. EDIFICIO CON TERRAZA, PARRILLA Y SOLARIUM","Elpidio González 4900, Piso 2",Monte Castro,CABA,ARS,500000,100000,30.0,,1,,9 años,,49
Departamento 2 ambientes en Alquiler en Belgrano!,"Cespedes 2400, Piso 5",Belgrano,CABA,ARS,750000,130000,35.0,1,,,45 años,,49
Alquiler de departamento monoambiente con balcón al contrafrente en el barrio de Congreso!,Rodríguez Peña 100,Congreso,CABA,ARS,400000,176000,22.0,,1,,60 años,,49
4 amb cochera doble todo externo baño toilette bcon. Sol,"Blanco Encalada 3000, Piso 12°",Belgrano,CABA,ARS,1650000,400000,67.0,3,,,45 años,,49
Monoambiente en alquiler en Parque Chacabuco,"Avenida La Plata 2300, Piso 5",Parque Chacabuco,CABA,ARS,500000,180000,27.0,,1,1,,,49
Excelente zona. Cramer y Elcano 2 amb. Luminoso.,"Avenida Elcano 2900, Piso 9",Belgrano R,Belgrano,ARS,750000,163000,38.0,1,,,,,49
"2 AMBIENTES AL FRENTE, MUY BUENA UBICACIÓN",Chacabuco 500,San Telmo,CABA,ARS,700000,259000,43.0,1,1,,,,49
Departamento en Monserrat,Mexico 1200,Monserrat,CABA,ARS,550000,380000,43.0,1,,,5 años,,49
Alquiler 1 Amb al Frente c/Balcon Luminoso Villa Crespo,"Padilla 700, Piso 1",Villa Crespo,CABA,ARS,590000,147000,30.0,1,,,13 años,,49
DEPARTAMENTO 2 AMBIENTES ALQUILER SAN TELMO,"Tacuarí 1300, Piso 4°",San Telmo,CABA,ARS,650000,150000,43.0,1,,,45 años,,49
"2 AMBIENTES EN AVENIDA RIVADAVIA AL 4.300 A 1 CUADRA DE ESTACION RIO DE JANEIRO DE SUBTE ""A""","Avenida Rivadavia 4300, Piso P.B",Almagro,CABA,ARS,550000,140000,,1,1,2,,,49
Balcarce al 300 - Dos ambientes con amenities - San Telmo - Apto profesional,Balcarce 100,San Telmo,CABA,ARS,790000,283000,37.0,1,,,7 años,,49
Departamento en Saavedra,Arias 3000,Saavedra,CABA,ARS,690000,180000,30.0,,1,,5 años,,49
Departamento 2 ambientes en alquiler,Avenida Paseo Colón 1000,San Telmo,CABA,ARS,700000,265000,46.0,1,,,30 años,,49
Piso de 3 amb con dependencia - balcon - al frente  corrido - muy luminoso,"Avenida General Las Heras 2900, Piso 12",Recoleta,CABA,ARS,1600000,270000,75.0,,1,,45 años,,49
Departamento Tipo Duplex 2 Hambientess,Zelada 5400,Villa Luro,CABA,ARS,980000,30000,,1,2,,20 años,,49
MONOAMBIENTE AMOBLADO. EXCELENTE UBICACION ALQUILER MAS EDESUR APARTE.,Viamonte 1800,Balvanera,CABA,ARS,600000,210000,31.0,,1,,5 años,,49
"Monoambiente en edificio FULL amenities (piscina, gym, vigilancia 24hs, SUM, solarium)","Ciudad De La Paz 1900, Piso 2",Belgrano,CABA,ARS,550000,350000,30.0,1,,,10 años,,50
DPTO 2 AMB FRTE BCON TZA COCH FIJA BÑO Y TOIL,Bonpland 2200,Palermo Hollywood,Palermo,ARS,1500000,600000,75.0,1,2,,,,50
EXCELENTE MONOAMBIENTE TODO AIRE Y LUZ TODO INTEGRADO,"Gabriela Mistral 2500, Piso 5",Villa Pueyrredón,CABA,ARS,550000,110000,25.0,,1,,10 años,,50
"ALQUILER 2 AMBIENTES PISO 14°, CON VISTA ABIERTA, AL NORTE","Avenida Doctor Honorio Pueyrredón 1500, Piso 14°",Caballito Norte,Caballito,ARS,700000,169000,40.0,1,,,50 años,,50
"Alquiler 3 amb. con dependencias, al frente","Aráoz 2700, Piso 6°",Palermo,CABA,ARS,1300000,268000,73.0,2,2,,,,50
"DEPARTAMENTO 2 AMBIENTES - RECOLETA, CAPITAL FEDERAL","Marcelo Torcuato De Alvear 2100, Piso 10",Recoleta,CABA,ARS,750000,270000,40.0,1,,,40 años,,50
2 ambientes al frente con balcón,"Achaval 300, Piso 7",Caballito,CABA,ARS,880000,,,1,,2,,,50
Departamento monoambiente en Monserrat Microcentro - Amoblado - Chile al 1200,Chile 1200,Monserrat,CABA,ARS,1000000,250000,32.0,1,,,2 años,,50
Departamento SIN EXPENSAS 2 ambientes las cañitas,Sin Correspondencia 2500,Las Cañitas,Palermo,USD,1200,,45.0,1,,,3 años,,50
"DEPARTAMENTO DE  2 AMBIENTES MUY LUMINOSOS, BALCON Y PILETA EN EL EDIFICIO","Nicolás Granada 1600, Piso 8",Paternal,CABA,ARS,680000,170000,34.0,1,,,13 años,,50
"Donde todos quieren VIVIR , Semipiso, balcon, Sum , Piscina","Mendoza 5400, Piso 2°",Villa Urquiza,CABA,ARS,1300000,330000,67.0,2,2,,,,50
Departamento de 2 Ambientes Amplios Lateral Luminoso 42 m2 Sobre Av. Rivadavia,Avenida Rivadavia 2300,Balvanera,CABA,ARS,600000,205000,42.0,1,1,,,,50
1 AMBIENTE DIVISIBLE FRENTE BALCÓN,Avenida Córdoba 3900,Palermo,CABA,ARS,600000,180000,35.0,,1,1,,,50
"3 ambientes balcón, muy luminoso",Padilla 700,Villa Crespo,CABA,ARS,1100000,,,2,1,,6 años,,50
Dos ambientes en Alquiler  frente a la Plaza Libertad,Libertad 900,Recoleta,CABA,ARS,650000,200000,,1,1,,25 años,,50
AMPLIO DEPARTAMENTO 4 AMBIENTES CON PATIO TERRAZA Y PARRILLA PROPIA,"Avenida Coronel Díaz 2200, Piso 3",Palermo,CABA,ARS,2000000,390000,115.0,3,,,40 años,,50
Excelente Semipiso 3 Ambientes. VISTA PANORAMICA,"Simbron 4300, Piso 13",Villa Devoto,CABA,ARS,900000,160000,70.0,2,1,,,,50
Amplio monoambiente situado en excelente ubicación.,Maipú 400,Microcentro,Centro,ARS,680000,112000,35.0,,,1,,,50
MERCEDES ALQUILER PREMIUM VILLA DEVOTO,"Mercedes 3900, Piso 2",Villa Devoto,CABA,USD,1500,405000,58.0,1,,,5 años,,50
ALQUILER Muy lindo 2 amb amoblado en una excelente zona,"Cavia 3000, Piso 5",Palermo Chico,Palermo,USD,950,260000,39.0,1,,,,,50
